"","year","country","iso","crisisJST","crisisBR"
"1",1870,"Australia","AUS",0,0
"2",1870,"Belgium","BEL",1,1
"3",1870,"Canada","CAN",0,0
"4",1870,"Denmark","DNK",0,0
"5",1870,"Finland","FIN",0,0
"6",1870,"France","FRA",0,0
"7",1870,"Germany","DEU",0,0
"8",1870,"Italy","ITA",0,0
"9",1870,"Japan","JPN",0,0
"10",1870,"Netherlands","NLD",0,0
"11",1870,"Norway","NOR",0,0
"12",1870,"Portugal","PRT",0,0
"13",1870,"Spain","ESP",0,0
"14",1870,"Sweden","SWE",0,0
"15",1870,"Switzerland","CHE",1,1
"16",1870,"UK","GBR",0,0
"17",1870,"USA","USA",0,0
"18",1871,"Australia","AUS",0,0
"19",1871,"Belgium","BEL",0,0
"20",1871,"Canada","CAN",0,0
"21",1871,"Denmark","DNK",0,0
"22",1871,"Finland","FIN",0,0
"23",1871,"France","FRA",0,1
"24",1871,"Germany","DEU",0,0
"25",1871,"Italy","ITA",0,0
"26",1871,"Japan","JPN",1,1
"27",1871,"Netherlands","NLD",0,0
"28",1871,"Norway","NOR",0,0
"29",1871,"Portugal","PRT",0,0
"30",1871,"Spain","ESP",0,0
"31",1871,"Sweden","SWE",0,0
"32",1871,"Switzerland","CHE",0,0
"33",1871,"UK","GBR",0,0
"34",1871,"USA","USA",0,0
"35",1872,"Australia","AUS",0,0
"36",1872,"Belgium","BEL",0,0
"37",1872,"Canada","CAN",0,0
"38",1872,"Denmark","DNK",0,0
"39",1872,"Finland","FIN",0,0
"40",1872,"France","FRA",0,0
"41",1872,"Germany","DEU",0,0
"42",1872,"Italy","ITA",0,0
"43",1872,"Japan","JPN",0,0
"44",1872,"Netherlands","NLD",0,0
"45",1872,"Norway","NOR",0,0
"46",1872,"Portugal","PRT",0,0
"47",1872,"Spain","ESP",0,0
"48",1872,"Sweden","SWE",0,0
"49",1872,"Switzerland","CHE",0,0
"50",1872,"UK","GBR",0,0
"51",1872,"USA","USA",0,0
"52",1873,"Australia","AUS",0,0
"53",1873,"Belgium","BEL",0,0
"54",1873,"Canada","CAN",0,1
"55",1873,"Denmark","DNK",0,0
"56",1873,"Finland","FIN",0,0
"57",1873,"France","FRA",0,0
"58",1873,"Germany","DEU",1,0
"59",1873,"Italy","ITA",1,1
"60",1873,"Japan","JPN",0,0
"61",1873,"Netherlands","NLD",0,0
"62",1873,"Norway","NOR",0,0
"63",1873,"Portugal","PRT",0,0
"64",1873,"Spain","ESP",0,0
"65",1873,"Sweden","SWE",0,0
"66",1873,"Switzerland","CHE",0,0
"67",1873,"UK","GBR",0,0
"68",1873,"USA","USA",1,1
"69",1874,"Australia","AUS",0,0
"70",1874,"Belgium","BEL",0,0
"71",1874,"Canada","CAN",0,0
"72",1874,"Denmark","DNK",0,0
"73",1874,"Finland","FIN",0,0
"74",1874,"France","FRA",0,0
"75",1874,"Germany","DEU",0,1
"76",1874,"Italy","ITA",0,0
"77",1874,"Japan","JPN",0,0
"78",1874,"Netherlands","NLD",0,0
"79",1874,"Norway","NOR",0,0
"80",1874,"Portugal","PRT",0,0
"81",1874,"Spain","ESP",0,0
"82",1874,"Sweden","SWE",0,0
"83",1874,"Switzerland","CHE",0,0
"84",1874,"UK","GBR",0,0
"85",1874,"USA","USA",0,0
"86",1875,"Australia","AUS",0,0
"87",1875,"Belgium","BEL",0,0
"88",1875,"Canada","CAN",0,0
"89",1875,"Denmark","DNK",0,0
"90",1875,"Finland","FIN",0,0
"91",1875,"France","FRA",0,0
"92",1875,"Germany","DEU",0,0
"93",1875,"Italy","ITA",0,0
"94",1875,"Japan","JPN",0,0
"95",1875,"Netherlands","NLD",0,0
"96",1875,"Norway","NOR",0,0
"97",1875,"Portugal","PRT",0,0
"98",1875,"Spain","ESP",0,0
"99",1875,"Sweden","SWE",0,0
"100",1875,"Switzerland","CHE",0,0
"101",1875,"UK","GBR",0,0
"102",1875,"USA","USA",0,0
"103",1876,"Australia","AUS",0,0
"104",1876,"Belgium","BEL",0,1
"105",1876,"Canada","CAN",0,0
"106",1876,"Denmark","DNK",0,0
"107",1876,"Finland","FIN",0,0
"108",1876,"France","FRA",0,0
"109",1876,"Germany","DEU",0,0
"110",1876,"Italy","ITA",0,0
"111",1876,"Japan","JPN",0,0
"112",1876,"Netherlands","NLD",0,0
"113",1876,"Norway","NOR",0,0
"114",1876,"Portugal","PRT",0,1
"115",1876,"Spain","ESP",0,0
"116",1876,"Sweden","SWE",0,0
"117",1876,"Switzerland","CHE",0,0
"118",1876,"UK","GBR",0,0
"119",1876,"USA","USA",0,0
"120",1877,"Australia","AUS",0,0
"121",1877,"Belgium","BEL",0,0
"122",1877,"Canada","CAN",0,0
"123",1877,"Denmark","DNK",1,1
"124",1877,"Finland","FIN",1,0
"125",1877,"France","FRA",0,0
"126",1877,"Germany","DEU",0,0
"127",1877,"Italy","ITA",0,0
"128",1877,"Japan","JPN",0,0
"129",1877,"Netherlands","NLD",0,0
"130",1877,"Norway","NOR",0,0
"131",1877,"Portugal","PRT",0,0
"132",1877,"Spain","ESP",0,0
"133",1877,"Sweden","SWE",0,0
"134",1877,"Switzerland","CHE",0,0
"135",1877,"UK","GBR",0,0
"136",1877,"USA","USA",0,0
"137",1878,"Australia","AUS",0,0
"138",1878,"Belgium","BEL",0,0
"139",1878,"Canada","CAN",0,0
"140",1878,"Denmark","DNK",0,0
"141",1878,"Finland","FIN",0,0
"142",1878,"France","FRA",0,0
"143",1878,"Germany","DEU",0,0
"144",1878,"Italy","ITA",0,0
"145",1878,"Japan","JPN",0,0
"146",1878,"Netherlands","NLD",0,0
"147",1878,"Norway","NOR",0,0
"148",1878,"Portugal","PRT",0,0
"149",1878,"Spain","ESP",0,0
"150",1878,"Sweden","SWE",1,1
"151",1878,"Switzerland","CHE",0,0
"152",1878,"UK","GBR",0,1
"153",1878,"USA","USA",0,0
"154",1879,"Australia","AUS",0,0
"155",1879,"Belgium","BEL",0,0
"156",1879,"Canada","CAN",0,0
"157",1879,"Denmark","DNK",0,0
"158",1879,"Finland","FIN",0,0
"159",1879,"France","FRA",0,0
"160",1879,"Germany","DEU",0,0
"161",1879,"Italy","ITA",0,0
"162",1879,"Japan","JPN",0,0
"163",1879,"Netherlands","NLD",0,0
"164",1879,"Norway","NOR",0,0
"165",1879,"Portugal","PRT",0,0
"166",1879,"Spain","ESP",0,0
"167",1879,"Sweden","SWE",0,0
"168",1879,"Switzerland","CHE",0,0
"169",1879,"UK","GBR",0,0
"170",1879,"USA","USA",0,0
"171",1880,"Australia","AUS",0,0
"172",1880,"Belgium","BEL",0,0
"173",1880,"Canada","CAN",0,0
"174",1880,"Denmark","DNK",0,0
"175",1880,"Finland","FIN",0,0
"176",1880,"France","FRA",0,0
"177",1880,"Germany","DEU",0,0
"178",1880,"Italy","ITA",0,0
"179",1880,"Japan","JPN",0,0
"180",1880,"Netherlands","NLD",0,0
"181",1880,"Norway","NOR",0,0
"182",1880,"Portugal","PRT",0,0
"183",1880,"Spain","ESP",0,0
"184",1880,"Sweden","SWE",0,0
"185",1880,"Switzerland","CHE",0,0
"186",1880,"UK","GBR",0,0
"187",1880,"USA","USA",0,0
"188",1881,"Australia","AUS",0,0
"189",1881,"Belgium","BEL",0,0
"190",1881,"Canada","CAN",0,0
"191",1881,"Denmark","DNK",0,0
"192",1881,"Finland","FIN",0,0
"193",1881,"France","FRA",0,0
"194",1881,"Germany","DEU",0,0
"195",1881,"Italy","ITA",0,0
"196",1881,"Japan","JPN",0,0
"197",1881,"Netherlands","NLD",0,0
"198",1881,"Norway","NOR",0,0
"199",1881,"Portugal","PRT",0,0
"200",1881,"Spain","ESP",0,0
"201",1881,"Sweden","SWE",0,0
"202",1881,"Switzerland","CHE",0,0
"203",1881,"UK","GBR",0,0
"204",1881,"USA","USA",0,0
"205",1882,"Australia","AUS",0,0
"206",1882,"Belgium","BEL",0,0
"207",1882,"Canada","CAN",0,0
"208",1882,"Denmark","DNK",0,0
"209",1882,"Finland","FIN",0,0
"210",1882,"France","FRA",1,1
"211",1882,"Germany","DEU",0,0
"212",1882,"Italy","ITA",0,0
"213",1882,"Japan","JPN",0,1
"214",1882,"Netherlands","NLD",0,0
"215",1882,"Norway","NOR",0,0
"216",1882,"Portugal","PRT",0,0
"217",1882,"Spain","ESP",0,1
"218",1882,"Sweden","SWE",0,0
"219",1882,"Switzerland","CHE",0,0
"220",1882,"UK","GBR",0,0
"221",1882,"USA","USA",0,0
"222",1883,"Australia","AUS",0,0
"223",1883,"Belgium","BEL",0,1
"224",1883,"Canada","CAN",0,0
"225",1883,"Denmark","DNK",0,0
"226",1883,"Finland","FIN",0,0
"227",1883,"France","FRA",0,0
"228",1883,"Germany","DEU",0,0
"229",1883,"Italy","ITA",0,0
"230",1883,"Japan","JPN",0,0
"231",1883,"Netherlands","NLD",0,0
"232",1883,"Norway","NOR",0,0
"233",1883,"Portugal","PRT",0,0
"234",1883,"Spain","ESP",1,0
"235",1883,"Sweden","SWE",0,0
"236",1883,"Switzerland","CHE",0,0
"237",1883,"UK","GBR",0,0
"238",1883,"USA","USA",0,0
"239",1884,"Australia","AUS",0,0
"240",1884,"Belgium","BEL",0,0
"241",1884,"Canada","CAN",0,0
"242",1884,"Denmark","DNK",0,0
"243",1884,"Finland","FIN",0,0
"244",1884,"France","FRA",0,0
"245",1884,"Germany","DEU",0,0
"246",1884,"Italy","ITA",0,0
"247",1884,"Japan","JPN",0,0
"248",1884,"Netherlands","NLD",0,0
"249",1884,"Norway","NOR",0,0
"250",1884,"Portugal","PRT",0,0
"251",1884,"Spain","ESP",0,0
"252",1884,"Sweden","SWE",0,0
"253",1884,"Switzerland","CHE",0,0
"254",1884,"UK","GBR",0,0
"255",1884,"USA","USA",0,1
"256",1885,"Australia","AUS",0,0
"257",1885,"Belgium","BEL",1,0
"258",1885,"Canada","CAN",0,0
"259",1885,"Denmark","DNK",1,1
"260",1885,"Finland","FIN",0,0
"261",1885,"France","FRA",0,0
"262",1885,"Germany","DEU",0,0
"263",1885,"Italy","ITA",0,0
"264",1885,"Japan","JPN",0,0
"265",1885,"Netherlands","NLD",0,0
"266",1885,"Norway","NOR",0,0
"267",1885,"Portugal","PRT",0,0
"268",1885,"Spain","ESP",0,0
"269",1885,"Sweden","SWE",0,0
"270",1885,"Switzerland","CHE",0,0
"271",1885,"UK","GBR",0,0
"272",1885,"USA","USA",0,0
"273",1886,"Australia","AUS",0,0
"274",1886,"Belgium","BEL",0,0
"275",1886,"Canada","CAN",0,0
"276",1886,"Denmark","DNK",0,0
"277",1886,"Finland","FIN",0,0
"278",1886,"France","FRA",0,0
"279",1886,"Germany","DEU",0,0
"280",1886,"Italy","ITA",0,0
"281",1886,"Japan","JPN",0,0
"282",1886,"Netherlands","NLD",0,0
"283",1886,"Norway","NOR",0,0
"284",1886,"Portugal","PRT",0,0
"285",1886,"Spain","ESP",0,0
"286",1886,"Sweden","SWE",0,0
"287",1886,"Switzerland","CHE",0,0
"288",1886,"UK","GBR",0,0
"289",1886,"USA","USA",0,0
"290",1887,"Australia","AUS",0,0
"291",1887,"Belgium","BEL",0,0
"292",1887,"Canada","CAN",0,0
"293",1887,"Denmark","DNK",0,0
"294",1887,"Finland","FIN",0,0
"295",1887,"France","FRA",0,0
"296",1887,"Germany","DEU",0,0
"297",1887,"Italy","ITA",1,0
"298",1887,"Japan","JPN",0,0
"299",1887,"Netherlands","NLD",0,0
"300",1887,"Norway","NOR",0,0
"301",1887,"Portugal","PRT",0,0
"302",1887,"Spain","ESP",0,0
"303",1887,"Sweden","SWE",0,0
"304",1887,"Switzerland","CHE",0,0
"305",1887,"UK","GBR",0,0
"306",1887,"USA","USA",0,0
"307",1888,"Australia","AUS",0,0
"308",1888,"Belgium","BEL",0,0
"309",1888,"Canada","CAN",0,0
"310",1888,"Denmark","DNK",0,0
"311",1888,"Finland","FIN",0,0
"312",1888,"France","FRA",0,0
"313",1888,"Germany","DEU",0,0
"314",1888,"Italy","ITA",0,0
"315",1888,"Japan","JPN",0,0
"316",1888,"Netherlands","NLD",0,0
"317",1888,"Norway","NOR",0,0
"318",1888,"Portugal","PRT",0,0
"319",1888,"Spain","ESP",0,0
"320",1888,"Sweden","SWE",0,0
"321",1888,"Switzerland","CHE",0,0
"322",1888,"UK","GBR",0,0
"323",1888,"USA","USA",0,0
"324",1889,"Australia","AUS",0,0
"325",1889,"Belgium","BEL",0,0
"326",1889,"Canada","CAN",0,0
"327",1889,"Denmark","DNK",0,0
"328",1889,"Finland","FIN",0,0
"329",1889,"France","FRA",1,1
"330",1889,"Germany","DEU",0,0
"331",1889,"Italy","ITA",0,1
"332",1889,"Japan","JPN",0,0
"333",1889,"Netherlands","NLD",0,0
"334",1889,"Norway","NOR",0,0
"335",1889,"Portugal","PRT",0,0
"336",1889,"Spain","ESP",0,0
"337",1889,"Sweden","SWE",0,0
"338",1889,"Switzerland","CHE",0,0
"339",1889,"UK","GBR",0,0
"340",1889,"USA","USA",0,0
"341",1890,"Australia","AUS",0,0
"342",1890,"Belgium","BEL",0,0
"343",1890,"Canada","CAN",0,0
"344",1890,"Denmark","DNK",0,0
"345",1890,"Finland","FIN",0,0
"346",1890,"France","FRA",0,0
"347",1890,"Germany","DEU",0,0
"348",1890,"Italy","ITA",0,0
"349",1890,"Japan","JPN",1,1
"350",1890,"Netherlands","NLD",0,0
"351",1890,"Norway","NOR",0,0
"352",1890,"Portugal","PRT",1,1
"353",1890,"Spain","ESP",1,1
"354",1890,"Sweden","SWE",0,0
"355",1890,"Switzerland","CHE",0,0
"356",1890,"UK","GBR",1,1
"357",1890,"USA","USA",0,1
"358",1891,"Australia","AUS",0,0
"359",1891,"Belgium","BEL",0,0
"360",1891,"Canada","CAN",0,0
"361",1891,"Denmark","DNK",0,0
"362",1891,"Finland","FIN",0,0
"363",1891,"France","FRA",0,0
"364",1891,"Germany","DEU",1,1
"365",1891,"Italy","ITA",0,1
"366",1891,"Japan","JPN",0,0
"367",1891,"Netherlands","NLD",0,0
"368",1891,"Norway","NOR",0,0
"369",1891,"Portugal","PRT",0,0
"370",1891,"Spain","ESP",0,0
"371",1891,"Sweden","SWE",0,0
"372",1891,"Switzerland","CHE",0,0
"373",1891,"UK","GBR",0,0
"374",1891,"USA","USA",0,0
"375",1892,"Australia","AUS",0,0
"376",1892,"Belgium","BEL",0,0
"377",1892,"Canada","CAN",0,0
"378",1892,"Denmark","DNK",0,0
"379",1892,"Finland","FIN",0,0
"380",1892,"France","FRA",0,0
"381",1892,"Germany","DEU",0,0
"382",1892,"Italy","ITA",0,0
"383",1892,"Japan","JPN",0,0
"384",1892,"Netherlands","NLD",0,0
"385",1892,"Norway","NOR",0,0
"386",1892,"Portugal","PRT",0,0
"387",1892,"Spain","ESP",0,0
"388",1892,"Sweden","SWE",0,0
"389",1892,"Switzerland","CHE",0,0
"390",1892,"UK","GBR",0,0
"391",1892,"USA","USA",0,0
"392",1893,"Australia","AUS",1,1
"393",1893,"Belgium","BEL",0,0
"394",1893,"Canada","CAN",0,0
"395",1893,"Denmark","DNK",0,0
"396",1893,"Finland","FIN",0,0
"397",1893,"France","FRA",0,0
"398",1893,"Germany","DEU",0,0
"399",1893,"Italy","ITA",1,0
"400",1893,"Japan","JPN",0,0
"401",1893,"Netherlands","NLD",1,0
"402",1893,"Norway","NOR",0,0
"403",1893,"Portugal","PRT",0,0
"404",1893,"Spain","ESP",0,0
"405",1893,"Sweden","SWE",0,0
"406",1893,"Switzerland","CHE",0,0
"407",1893,"UK","GBR",0,0
"408",1893,"USA","USA",1,1
"409",1894,"Australia","AUS",0,0
"410",1894,"Belgium","BEL",0,0
"411",1894,"Canada","CAN",0,0
"412",1894,"Denmark","DNK",0,0
"413",1894,"Finland","FIN",0,0
"414",1894,"France","FRA",0,0
"415",1894,"Germany","DEU",0,0
"416",1894,"Italy","ITA",0,0
"417",1894,"Japan","JPN",0,0
"418",1894,"Netherlands","NLD",0,0
"419",1894,"Norway","NOR",0,0
"420",1894,"Portugal","PRT",0,0
"421",1894,"Spain","ESP",0,0
"422",1894,"Sweden","SWE",0,0
"423",1894,"Switzerland","CHE",0,0
"424",1894,"UK","GBR",0,0
"425",1894,"USA","USA",0,0
"426",1895,"Australia","AUS",0,0
"427",1895,"Belgium","BEL",0,0
"428",1895,"Canada","CAN",0,0
"429",1895,"Denmark","DNK",0,0
"430",1895,"Finland","FIN",0,0
"431",1895,"France","FRA",0,0
"432",1895,"Germany","DEU",0,0
"433",1895,"Italy","ITA",0,0
"434",1895,"Japan","JPN",0,0
"435",1895,"Netherlands","NLD",0,0
"436",1895,"Norway","NOR",0,0
"437",1895,"Portugal","PRT",0,0
"438",1895,"Spain","ESP",0,0
"439",1895,"Sweden","SWE",0,0
"440",1895,"Switzerland","CHE",0,0
"441",1895,"UK","GBR",0,0
"442",1895,"USA","USA",0,0
"443",1896,"Australia","AUS",0,0
"444",1896,"Belgium","BEL",0,0
"445",1896,"Canada","CAN",0,0
"446",1896,"Denmark","DNK",0,0
"447",1896,"Finland","FIN",0,0
"448",1896,"France","FRA",0,0
"449",1896,"Germany","DEU",0,0
"450",1896,"Italy","ITA",0,0
"451",1896,"Japan","JPN",0,0
"452",1896,"Netherlands","NLD",0,0
"453",1896,"Norway","NOR",0,0
"454",1896,"Portugal","PRT",0,0
"455",1896,"Spain","ESP",0,0
"456",1896,"Sweden","SWE",0,0
"457",1896,"Switzerland","CHE",0,0
"458",1896,"UK","GBR",0,0
"459",1896,"USA","USA",0,0
"460",1897,"Australia","AUS",0,0
"461",1897,"Belgium","BEL",0,0
"462",1897,"Canada","CAN",0,0
"463",1897,"Denmark","DNK",0,0
"464",1897,"Finland","FIN",0,0
"465",1897,"France","FRA",0,0
"466",1897,"Germany","DEU",0,0
"467",1897,"Italy","ITA",0,0
"468",1897,"Japan","JPN",0,0
"469",1897,"Netherlands","NLD",0,0
"470",1897,"Norway","NOR",0,0
"471",1897,"Portugal","PRT",0,0
"472",1897,"Spain","ESP",0,0
"473",1897,"Sweden","SWE",0,0
"474",1897,"Switzerland","CHE",0,0
"475",1897,"UK","GBR",0,0
"476",1897,"USA","USA",0,0
"477",1898,"Australia","AUS",0,0
"478",1898,"Belgium","BEL",0,0
"479",1898,"Canada","CAN",0,0
"480",1898,"Denmark","DNK",0,0
"481",1898,"Finland","FIN",0,0
"482",1898,"France","FRA",0,0
"483",1898,"Germany","DEU",0,0
"484",1898,"Italy","ITA",0,0
"485",1898,"Japan","JPN",0,0
"486",1898,"Netherlands","NLD",0,0
"487",1898,"Norway","NOR",0,1
"488",1898,"Portugal","PRT",0,0
"489",1898,"Spain","ESP",0,0
"490",1898,"Sweden","SWE",0,0
"491",1898,"Switzerland","CHE",0,0
"492",1898,"UK","GBR",0,0
"493",1898,"USA","USA",0,0
"494",1899,"Australia","AUS",0,0
"495",1899,"Belgium","BEL",0,0
"496",1899,"Canada","CAN",0,0
"497",1899,"Denmark","DNK",0,0
"498",1899,"Finland","FIN",0,0
"499",1899,"France","FRA",0,0
"500",1899,"Germany","DEU",0,0
"501",1899,"Italy","ITA",0,0
"502",1899,"Japan","JPN",0,0
"503",1899,"Netherlands","NLD",0,0
"504",1899,"Norway","NOR",1,0
"505",1899,"Portugal","PRT",0,0
"506",1899,"Spain","ESP",0,0
"507",1899,"Sweden","SWE",0,0
"508",1899,"Switzerland","CHE",0,0
"509",1899,"UK","GBR",0,0
"510",1899,"USA","USA",0,0
"511",1900,"Australia","AUS",0,0
"512",1900,"Belgium","BEL",0,0
"513",1900,"Canada","CAN",0,0
"514",1900,"Denmark","DNK",0,0
"515",1900,"Finland","FIN",1,1
"516",1900,"France","FRA",0,0
"517",1900,"Germany","DEU",0,0
"518",1900,"Italy","ITA",0,0
"519",1900,"Japan","JPN",0,0
"520",1900,"Netherlands","NLD",0,0
"521",1900,"Norway","NOR",0,0
"522",1900,"Portugal","PRT",0,0
"523",1900,"Spain","ESP",0,0
"524",1900,"Sweden","SWE",0,0
"525",1900,"Switzerland","CHE",0,0
"526",1900,"UK","GBR",0,0
"527",1900,"USA","USA",0,0
"528",1901,"Australia","AUS",0,0
"529",1901,"Belgium","BEL",0,0
"530",1901,"Canada","CAN",0,0
"531",1901,"Denmark","DNK",0,0
"532",1901,"Finland","FIN",0,0
"533",1901,"France","FRA",0,0
"534",1901,"Germany","DEU",1,1
"535",1901,"Italy","ITA",0,0
"536",1901,"Japan","JPN",0,1
"537",1901,"Netherlands","NLD",0,0
"538",1901,"Norway","NOR",0,0
"539",1901,"Portugal","PRT",0,0
"540",1901,"Spain","ESP",0,0
"541",1901,"Sweden","SWE",0,0
"542",1901,"Switzerland","CHE",0,0
"543",1901,"UK","GBR",0,0
"544",1901,"USA","USA",0,0
"545",1902,"Australia","AUS",0,0
"546",1902,"Belgium","BEL",0,0
"547",1902,"Canada","CAN",0,0
"548",1902,"Denmark","DNK",0,0
"549",1902,"Finland","FIN",0,0
"550",1902,"France","FRA",0,0
"551",1902,"Germany","DEU",0,0
"552",1902,"Italy","ITA",0,0
"553",1902,"Japan","JPN",0,0
"554",1902,"Netherlands","NLD",0,0
"555",1902,"Norway","NOR",0,0
"556",1902,"Portugal","PRT",0,0
"557",1902,"Spain","ESP",0,0
"558",1902,"Sweden","SWE",0,0
"559",1902,"Switzerland","CHE",0,0
"560",1902,"UK","GBR",0,0
"561",1902,"USA","USA",0,0
"562",1903,"Australia","AUS",0,0
"563",1903,"Belgium","BEL",0,0
"564",1903,"Canada","CAN",0,0
"565",1903,"Denmark","DNK",0,0
"566",1903,"Finland","FIN",0,0
"567",1903,"France","FRA",0,0
"568",1903,"Germany","DEU",0,0
"569",1903,"Italy","ITA",0,0
"570",1903,"Japan","JPN",0,0
"571",1903,"Netherlands","NLD",0,0
"572",1903,"Norway","NOR",0,0
"573",1903,"Portugal","PRT",0,0
"574",1903,"Spain","ESP",0,0
"575",1903,"Sweden","SWE",0,0
"576",1903,"Switzerland","CHE",0,0
"577",1903,"UK","GBR",0,0
"578",1903,"USA","USA",0,0
"579",1904,"Australia","AUS",0,0
"580",1904,"Belgium","BEL",0,0
"581",1904,"Canada","CAN",0,0
"582",1904,"Denmark","DNK",0,0
"583",1904,"Finland","FIN",0,0
"584",1904,"France","FRA",0,0
"585",1904,"Germany","DEU",0,0
"586",1904,"Italy","ITA",0,0
"587",1904,"Japan","JPN",0,0
"588",1904,"Netherlands","NLD",0,0
"589",1904,"Norway","NOR",0,0
"590",1904,"Portugal","PRT",0,0
"591",1904,"Spain","ESP",0,0
"592",1904,"Sweden","SWE",0,0
"593",1904,"Switzerland","CHE",0,0
"594",1904,"UK","GBR",0,0
"595",1904,"USA","USA",0,0
"596",1905,"Australia","AUS",0,0
"597",1905,"Belgium","BEL",0,0
"598",1905,"Canada","CAN",0,0
"599",1905,"Denmark","DNK",0,0
"600",1905,"Finland","FIN",0,0
"601",1905,"France","FRA",0,0
"602",1905,"Germany","DEU",0,0
"603",1905,"Italy","ITA",0,0
"604",1905,"Japan","JPN",0,0
"605",1905,"Netherlands","NLD",0,0
"606",1905,"Norway","NOR",0,0
"607",1905,"Portugal","PRT",0,0
"608",1905,"Spain","ESP",0,0
"609",1905,"Sweden","SWE",0,0
"610",1905,"Switzerland","CHE",0,0
"611",1905,"UK","GBR",0,0
"612",1905,"USA","USA",0,0
"613",1906,"Australia","AUS",0,0
"614",1906,"Belgium","BEL",0,0
"615",1906,"Canada","CAN",0,0
"616",1906,"Denmark","DNK",0,0
"617",1906,"Finland","FIN",0,0
"618",1906,"France","FRA",0,0
"619",1906,"Germany","DEU",0,0
"620",1906,"Italy","ITA",0,0
"621",1906,"Japan","JPN",0,0
"622",1906,"Netherlands","NLD",0,0
"623",1906,"Norway","NOR",0,0
"624",1906,"Portugal","PRT",0,0
"625",1906,"Spain","ESP",0,0
"626",1906,"Sweden","SWE",0,0
"627",1906,"Switzerland","CHE",0,0
"628",1906,"UK","GBR",0,0
"629",1906,"USA","USA",0,0
"630",1907,"Australia","AUS",0,0
"631",1907,"Belgium","BEL",0,0
"632",1907,"Canada","CAN",1,0
"633",1907,"Denmark","DNK",0,1
"634",1907,"Finland","FIN",0,0
"635",1907,"France","FRA",0,0
"636",1907,"Germany","DEU",1,0
"637",1907,"Italy","ITA",1,1
"638",1907,"Japan","JPN",1,1
"639",1907,"Netherlands","NLD",1,1
"640",1907,"Norway","NOR",0,0
"641",1907,"Portugal","PRT",0,0
"642",1907,"Spain","ESP",0,0
"643",1907,"Sweden","SWE",1,1
"644",1907,"Switzerland","CHE",0,0
"645",1907,"UK","GBR",0,0
"646",1907,"USA","USA",1,1
"647",1908,"Australia","AUS",0,0
"648",1908,"Belgium","BEL",0,0
"649",1908,"Canada","CAN",0,0
"650",1908,"Denmark","DNK",1,0
"651",1908,"Finland","FIN",0,0
"652",1908,"France","FRA",0,0
"653",1908,"Germany","DEU",0,0
"654",1908,"Italy","ITA",0,0
"655",1908,"Japan","JPN",0,0
"656",1908,"Netherlands","NLD",0,0
"657",1908,"Norway","NOR",0,0
"658",1908,"Portugal","PRT",0,0
"659",1908,"Spain","ESP",0,0
"660",1908,"Sweden","SWE",0,0
"661",1908,"Switzerland","CHE",0,0
"662",1908,"UK","GBR",0,0
"663",1908,"USA","USA",0,0
"664",1909,"Australia","AUS",0,0
"665",1909,"Belgium","BEL",0,0
"666",1909,"Canada","CAN",0,0
"667",1909,"Denmark","DNK",0,0
"668",1909,"Finland","FIN",0,0
"669",1909,"France","FRA",0,0
"670",1909,"Germany","DEU",0,0
"671",1909,"Italy","ITA",0,0
"672",1909,"Japan","JPN",0,0
"673",1909,"Netherlands","NLD",0,0
"674",1909,"Norway","NOR",0,0
"675",1909,"Portugal","PRT",0,0
"676",1909,"Spain","ESP",0,0
"677",1909,"Sweden","SWE",0,0
"678",1909,"Switzerland","CHE",0,0
"679",1909,"UK","GBR",0,0
"680",1909,"USA","USA",0,0
"681",1910,"Australia","AUS",0,0
"682",1910,"Belgium","BEL",0,0
"683",1910,"Canada","CAN",0,0
"684",1910,"Denmark","DNK",0,0
"685",1910,"Finland","FIN",0,0
"686",1910,"France","FRA",0,0
"687",1910,"Germany","DEU",0,0
"688",1910,"Italy","ITA",0,0
"689",1910,"Japan","JPN",0,0
"690",1910,"Netherlands","NLD",0,0
"691",1910,"Norway","NOR",0,0
"692",1910,"Portugal","PRT",0,0
"693",1910,"Spain","ESP",0,0
"694",1910,"Sweden","SWE",0,0
"695",1910,"Switzerland","CHE",1,0
"696",1910,"UK","GBR",0,0
"697",1910,"USA","USA",0,0
"698",1911,"Australia","AUS",0,0
"699",1911,"Belgium","BEL",0,0
"700",1911,"Canada","CAN",0,0
"701",1911,"Denmark","DNK",0,0
"702",1911,"Finland","FIN",0,0
"703",1911,"France","FRA",0,0
"704",1911,"Germany","DEU",0,0
"705",1911,"Italy","ITA",0,0
"706",1911,"Japan","JPN",0,0
"707",1911,"Netherlands","NLD",0,0
"708",1911,"Norway","NOR",0,0
"709",1911,"Portugal","PRT",0,0
"710",1911,"Spain","ESP",0,0
"711",1911,"Sweden","SWE",0,0
"712",1911,"Switzerland","CHE",0,0
"713",1911,"UK","GBR",0,0
"714",1911,"USA","USA",0,0
"715",1912,"Australia","AUS",0,0
"716",1912,"Belgium","BEL",0,0
"717",1912,"Canada","CAN",0,0
"718",1912,"Denmark","DNK",0,0
"719",1912,"Finland","FIN",0,0
"720",1912,"France","FRA",0,0
"721",1912,"Germany","DEU",0,0
"722",1912,"Italy","ITA",0,0
"723",1912,"Japan","JPN",0,0
"724",1912,"Netherlands","NLD",0,0
"725",1912,"Norway","NOR",0,0
"726",1912,"Portugal","PRT",0,0
"727",1912,"Spain","ESP",0,0
"728",1912,"Sweden","SWE",0,0
"729",1912,"Switzerland","CHE",0,0
"730",1912,"UK","GBR",0,0
"731",1912,"USA","USA",0,0
"732",1913,"Australia","AUS",0,0
"733",1913,"Belgium","BEL",0,0
"734",1913,"Canada","CAN",0,0
"735",1913,"Denmark","DNK",0,0
"736",1913,"Finland","FIN",0,0
"737",1913,"France","FRA",0,0
"738",1913,"Germany","DEU",0,0
"739",1913,"Italy","ITA",0,0
"740",1913,"Japan","JPN",0,0
"741",1913,"Netherlands","NLD",0,0
"742",1913,"Norway","NOR",0,0
"743",1913,"Portugal","PRT",0,0
"744",1913,"Spain","ESP",1,1
"745",1913,"Sweden","SWE",0,0
"746",1913,"Switzerland","CHE",0,0
"747",1913,"UK","GBR",0,0
"748",1913,"USA","USA",0,0
"749",1914,"Australia","AUS",0,0
"750",1914,"Belgium","BEL",0,1
"751",1914,"Canada","CAN",0,0
"752",1914,"Denmark","DNK",0,0
"753",1914,"Finland","FIN",0,0
"754",1914,"France","FRA",0,1
"755",1914,"Germany","DEU",0,1
"756",1914,"Italy","ITA",0,1
"757",1914,"Japan","JPN",0,0
"758",1914,"Netherlands","NLD",0,1
"759",1914,"Norway","NOR",0,1
"760",1914,"Portugal","PRT",0,0
"761",1914,"Spain","ESP",0,0
"762",1914,"Sweden","SWE",0,0
"763",1914,"Switzerland","CHE",0,1
"764",1914,"UK","GBR",0,1
"765",1914,"USA","USA",0,0
"766",1915,"Australia","AUS",0,0
"767",1915,"Belgium","BEL",0,0
"768",1915,"Canada","CAN",0,0
"769",1915,"Denmark","DNK",0,0
"770",1915,"Finland","FIN",0,0
"771",1915,"France","FRA",0,0
"772",1915,"Germany","DEU",0,0
"773",1915,"Italy","ITA",0,0
"774",1915,"Japan","JPN",0,0
"775",1915,"Netherlands","NLD",0,0
"776",1915,"Norway","NOR",0,0
"777",1915,"Portugal","PRT",0,0
"778",1915,"Spain","ESP",0,0
"779",1915,"Sweden","SWE",0,0
"780",1915,"Switzerland","CHE",0,0
"781",1915,"UK","GBR",0,0
"782",1915,"USA","USA",0,0
"783",1916,"Australia","AUS",0,0
"784",1916,"Belgium","BEL",0,0
"785",1916,"Canada","CAN",0,0
"786",1916,"Denmark","DNK",0,0
"787",1916,"Finland","FIN",0,0
"788",1916,"France","FRA",0,0
"789",1916,"Germany","DEU",0,0
"790",1916,"Italy","ITA",0,0
"791",1916,"Japan","JPN",0,0
"792",1916,"Netherlands","NLD",0,0
"793",1916,"Norway","NOR",0,0
"794",1916,"Portugal","PRT",0,0
"795",1916,"Spain","ESP",0,0
"796",1916,"Sweden","SWE",0,0
"797",1916,"Switzerland","CHE",0,0
"798",1916,"UK","GBR",0,0
"799",1916,"USA","USA",0,0
"800",1917,"Australia","AUS",0,0
"801",1917,"Belgium","BEL",0,0
"802",1917,"Canada","CAN",0,0
"803",1917,"Denmark","DNK",0,0
"804",1917,"Finland","FIN",0,0
"805",1917,"France","FRA",0,0
"806",1917,"Germany","DEU",0,0
"807",1917,"Italy","ITA",0,0
"808",1917,"Japan","JPN",0,0
"809",1917,"Netherlands","NLD",0,0
"810",1917,"Norway","NOR",0,0
"811",1917,"Portugal","PRT",0,0
"812",1917,"Spain","ESP",0,0
"813",1917,"Sweden","SWE",0,0
"814",1917,"Switzerland","CHE",0,0
"815",1917,"UK","GBR",0,0
"816",1917,"USA","USA",0,0
"817",1918,"Australia","AUS",0,0
"818",1918,"Belgium","BEL",0,0
"819",1918,"Canada","CAN",0,0
"820",1918,"Denmark","DNK",0,0
"821",1918,"Finland","FIN",0,0
"822",1918,"France","FRA",0,0
"823",1918,"Germany","DEU",0,0
"824",1918,"Italy","ITA",0,0
"825",1918,"Japan","JPN",0,0
"826",1918,"Netherlands","NLD",0,0
"827",1918,"Norway","NOR",0,0
"828",1918,"Portugal","PRT",0,0
"829",1918,"Spain","ESP",0,0
"830",1918,"Sweden","SWE",0,0
"831",1918,"Switzerland","CHE",0,0
"832",1918,"UK","GBR",0,0
"833",1918,"USA","USA",0,0
"834",1919,"Australia","AUS",0,0
"835",1919,"Belgium","BEL",0,0
"836",1919,"Canada","CAN",0,0
"837",1919,"Denmark","DNK",0,1
"838",1919,"Finland","FIN",0,0
"839",1919,"France","FRA",0,0
"840",1919,"Germany","DEU",0,0
"841",1919,"Italy","ITA",0,0
"842",1919,"Japan","JPN",0,0
"843",1919,"Netherlands","NLD",0,0
"844",1919,"Norway","NOR",0,1
"845",1919,"Portugal","PRT",0,0
"846",1919,"Spain","ESP",0,0
"847",1919,"Sweden","SWE",0,1
"848",1919,"Switzerland","CHE",0,1
"849",1919,"UK","GBR",0,0
"850",1919,"USA","USA",0,0
"851",1920,"Australia","AUS",0,0
"852",1920,"Belgium","BEL",0,0
"853",1920,"Canada","CAN",0,1
"854",1920,"Denmark","DNK",0,0
"855",1920,"Finland","FIN",0,0
"856",1920,"France","FRA",0,0
"857",1920,"Germany","DEU",0,0
"858",1920,"Italy","ITA",0,0
"859",1920,"Japan","JPN",1,1
"860",1920,"Netherlands","NLD",0,0
"861",1920,"Norway","NOR",0,0
"862",1920,"Portugal","PRT",1,0
"863",1920,"Spain","ESP",1,1
"864",1920,"Sweden","SWE",0,0
"865",1920,"Switzerland","CHE",0,0
"866",1920,"UK","GBR",0,0
"867",1920,"USA","USA",0,0
"868",1921,"Australia","AUS",0,0
"869",1921,"Belgium","BEL",0,0
"870",1921,"Canada","CAN",0,0
"871",1921,"Denmark","DNK",1,0
"872",1921,"Finland","FIN",1,1
"873",1921,"France","FRA",0,0
"874",1921,"Germany","DEU",0,0
"875",1921,"Italy","ITA",1,1
"876",1921,"Japan","JPN",0,0
"877",1921,"Netherlands","NLD",1,1
"878",1921,"Norway","NOR",0,0
"879",1921,"Portugal","PRT",0,1
"880",1921,"Spain","ESP",0,0
"881",1921,"Sweden","SWE",0,0
"882",1921,"Switzerland","CHE",0,0
"883",1921,"UK","GBR",0,0
"884",1921,"USA","USA",0,0
"885",1922,"Australia","AUS",0,0
"886",1922,"Belgium","BEL",0,0
"887",1922,"Canada","CAN",0,0
"888",1922,"Denmark","DNK",0,0
"889",1922,"Finland","FIN",0,0
"890",1922,"France","FRA",0,0
"891",1922,"Germany","DEU",0,0
"892",1922,"Italy","ITA",0,0
"893",1922,"Japan","JPN",0,1
"894",1922,"Netherlands","NLD",0,0
"895",1922,"Norway","NOR",1,0
"896",1922,"Portugal","PRT",0,0
"897",1922,"Spain","ESP",0,0
"898",1922,"Sweden","SWE",1,0
"899",1922,"Switzerland","CHE",0,0
"900",1922,"UK","GBR",0,0
"901",1922,"USA","USA",0,0
"902",1923,"Australia","AUS",0,0
"903",1923,"Belgium","BEL",0,0
"904",1923,"Canada","CAN",0,0
"905",1923,"Denmark","DNK",0,0
"906",1923,"Finland","FIN",0,0
"907",1923,"France","FRA",0,0
"908",1923,"Germany","DEU",0,0
"909",1923,"Italy","ITA",0,0
"910",1923,"Japan","JPN",0,1
"911",1923,"Netherlands","NLD",0,0
"912",1923,"Norway","NOR",0,0
"913",1923,"Portugal","PRT",1,1
"914",1923,"Spain","ESP",0,0
"915",1923,"Sweden","SWE",0,0
"916",1923,"Switzerland","CHE",0,0
"917",1923,"UK","GBR",0,0
"918",1923,"USA","USA",0,0
"919",1924,"Australia","AUS",0,0
"920",1924,"Belgium","BEL",0,0
"921",1924,"Canada","CAN",0,0
"922",1924,"Denmark","DNK",0,0
"923",1924,"Finland","FIN",0,0
"924",1924,"France","FRA",0,0
"925",1924,"Germany","DEU",0,0
"926",1924,"Italy","ITA",0,0
"927",1924,"Japan","JPN",0,0
"928",1924,"Netherlands","NLD",0,0
"929",1924,"Norway","NOR",0,0
"930",1924,"Portugal","PRT",0,0
"931",1924,"Spain","ESP",1,1
"932",1924,"Sweden","SWE",0,0
"933",1924,"Switzerland","CHE",0,0
"934",1924,"UK","GBR",0,0
"935",1924,"USA","USA",0,0
"936",1925,"Australia","AUS",0,0
"937",1925,"Belgium","BEL",1,0
"938",1925,"Canada","CAN",0,0
"939",1925,"Denmark","DNK",0,0
"940",1925,"Finland","FIN",0,0
"941",1925,"France","FRA",0,0
"942",1925,"Germany","DEU",0,0
"943",1925,"Italy","ITA",0,0
"944",1925,"Japan","JPN",0,0
"945",1925,"Netherlands","NLD",0,0
"946",1925,"Norway","NOR",0,0
"947",1925,"Portugal","PRT",0,0
"948",1925,"Spain","ESP",0,0
"949",1925,"Sweden","SWE",0,0
"950",1925,"Switzerland","CHE",0,0
"951",1925,"UK","GBR",0,0
"952",1925,"USA","USA",0,0
"953",1926,"Australia","AUS",0,0
"954",1926,"Belgium","BEL",0,0
"955",1926,"Canada","CAN",0,0
"956",1926,"Denmark","DNK",0,0
"957",1926,"Finland","FIN",0,0
"958",1926,"France","FRA",0,0
"959",1926,"Germany","DEU",0,0
"960",1926,"Italy","ITA",0,0
"961",1926,"Japan","JPN",0,0
"962",1926,"Netherlands","NLD",0,0
"963",1926,"Norway","NOR",0,0
"964",1926,"Portugal","PRT",0,0
"965",1926,"Spain","ESP",0,0
"966",1926,"Sweden","SWE",0,0
"967",1926,"Switzerland","CHE",0,0
"968",1926,"UK","GBR",0,0
"969",1926,"USA","USA",0,0
"970",1927,"Australia","AUS",0,0
"971",1927,"Belgium","BEL",0,0
"972",1927,"Canada","CAN",0,0
"973",1927,"Denmark","DNK",0,0
"974",1927,"Finland","FIN",0,0
"975",1927,"France","FRA",0,0
"976",1927,"Germany","DEU",0,0
"977",1927,"Italy","ITA",0,0
"978",1927,"Japan","JPN",1,1
"979",1927,"Netherlands","NLD",0,0
"980",1927,"Norway","NOR",0,0
"981",1927,"Portugal","PRT",0,0
"982",1927,"Spain","ESP",0,0
"983",1927,"Sweden","SWE",0,0
"984",1927,"Switzerland","CHE",0,0
"985",1927,"UK","GBR",0,0
"986",1927,"USA","USA",0,0
"987",1928,"Australia","AUS",0,0
"988",1928,"Belgium","BEL",0,0
"989",1928,"Canada","CAN",0,0
"990",1928,"Denmark","DNK",0,0
"991",1928,"Finland","FIN",0,0
"992",1928,"France","FRA",0,0
"993",1928,"Germany","DEU",0,0
"994",1928,"Italy","ITA",0,0
"995",1928,"Japan","JPN",0,0
"996",1928,"Netherlands","NLD",0,0
"997",1928,"Norway","NOR",0,0
"998",1928,"Portugal","PRT",0,0
"999",1928,"Spain","ESP",0,0
"1000",1928,"Sweden","SWE",0,0
"1001",1928,"Switzerland","CHE",0,0
"1002",1928,"UK","GBR",0,0
"1003",1928,"USA","USA",0,0
"1004",1929,"Australia","AUS",0,0
"1005",1929,"Belgium","BEL",0,1
"1006",1929,"Canada","CAN",0,0
"1007",1929,"Denmark","DNK",0,0
"1008",1929,"Finland","FIN",0,0
"1009",1929,"France","FRA",0,0
"1010",1929,"Germany","DEU",0,0
"1011",1929,"Italy","ITA",0,0
"1012",1929,"Japan","JPN",0,0
"1013",1929,"Netherlands","NLD",0,0
"1014",1929,"Norway","NOR",0,0
"1015",1929,"Portugal","PRT",0,0
"1016",1929,"Spain","ESP",0,0
"1017",1929,"Sweden","SWE",0,0
"1018",1929,"Switzerland","CHE",0,0
"1019",1929,"UK","GBR",0,0
"1020",1929,"USA","USA",1,0
"1021",1930,"Australia","AUS",0,0
"1022",1930,"Belgium","BEL",0,0
"1023",1930,"Canada","CAN",0,0
"1024",1930,"Denmark","DNK",0,0
"1025",1930,"Finland","FIN",0,0
"1026",1930,"France","FRA",1,1
"1027",1930,"Germany","DEU",0,1
"1028",1930,"Italy","ITA",1,1
"1029",1930,"Japan","JPN",0,0
"1030",1930,"Netherlands","NLD",0,0
"1031",1930,"Norway","NOR",0,0
"1032",1930,"Portugal","PRT",0,0
"1033",1930,"Spain","ESP",0,0
"1034",1930,"Sweden","SWE",0,0
"1035",1930,"Switzerland","CHE",0,0
"1036",1930,"UK","GBR",0,0
"1037",1930,"USA","USA",0,1
"1038",1931,"Australia","AUS",0,1
"1039",1931,"Belgium","BEL",1,0
"1040",1931,"Canada","CAN",0,0
"1041",1931,"Denmark","DNK",1,0
"1042",1931,"Finland","FIN",1,1
"1043",1931,"France","FRA",0,0
"1044",1931,"Germany","DEU",1,0
"1045",1931,"Italy","ITA",0,0
"1046",1931,"Japan","JPN",0,0
"1047",1931,"Netherlands","NLD",0,1
"1048",1931,"Norway","NOR",1,1
"1049",1931,"Portugal","PRT",1,1
"1050",1931,"Spain","ESP",1,1
"1051",1931,"Sweden","SWE",1,0
"1052",1931,"Switzerland","CHE",1,1
"1053",1931,"UK","GBR",0,0
"1054",1931,"USA","USA",0,0
"1055",1932,"Australia","AUS",0,0
"1056",1932,"Belgium","BEL",0,0
"1057",1932,"Canada","CAN",0,0
"1058",1932,"Denmark","DNK",0,0
"1059",1932,"Finland","FIN",0,0
"1060",1932,"France","FRA",0,0
"1061",1932,"Germany","DEU",0,0
"1062",1932,"Italy","ITA",0,0
"1063",1932,"Japan","JPN",0,0
"1064",1932,"Netherlands","NLD",0,0
"1065",1932,"Norway","NOR",0,0
"1066",1932,"Portugal","PRT",0,0
"1067",1932,"Spain","ESP",0,0
"1068",1932,"Sweden","SWE",0,0
"1069",1932,"Switzerland","CHE",0,0
"1070",1932,"UK","GBR",0,0
"1071",1932,"USA","USA",0,0
"1072",1933,"Australia","AUS",0,0
"1073",1933,"Belgium","BEL",0,0
"1074",1933,"Canada","CAN",0,0
"1075",1933,"Denmark","DNK",0,0
"1076",1933,"Finland","FIN",0,0
"1077",1933,"France","FRA",0,0
"1078",1933,"Germany","DEU",0,0
"1079",1933,"Italy","ITA",0,0
"1080",1933,"Japan","JPN",0,0
"1081",1933,"Netherlands","NLD",0,0
"1082",1933,"Norway","NOR",0,0
"1083",1933,"Portugal","PRT",0,0
"1084",1933,"Spain","ESP",0,0
"1085",1933,"Sweden","SWE",0,0
"1086",1933,"Switzerland","CHE",0,0
"1087",1933,"UK","GBR",0,0
"1088",1933,"USA","USA",0,0
"1089",1934,"Australia","AUS",0,0
"1090",1934,"Belgium","BEL",1,0
"1091",1934,"Canada","CAN",0,0
"1092",1934,"Denmark","DNK",0,0
"1093",1934,"Finland","FIN",0,0
"1094",1934,"France","FRA",0,0
"1095",1934,"Germany","DEU",0,0
"1096",1934,"Italy","ITA",0,0
"1097",1934,"Japan","JPN",0,0
"1098",1934,"Netherlands","NLD",0,0
"1099",1934,"Norway","NOR",0,0
"1100",1934,"Portugal","PRT",0,0
"1101",1934,"Spain","ESP",0,0
"1102",1934,"Sweden","SWE",0,0
"1103",1934,"Switzerland","CHE",0,0
"1104",1934,"UK","GBR",0,0
"1105",1934,"USA","USA",0,0
"1106",1935,"Australia","AUS",0,0
"1107",1935,"Belgium","BEL",0,0
"1108",1935,"Canada","CAN",0,0
"1109",1935,"Denmark","DNK",0,0
"1110",1935,"Finland","FIN",0,0
"1111",1935,"France","FRA",0,0
"1112",1935,"Germany","DEU",0,0
"1113",1935,"Italy","ITA",1,0
"1114",1935,"Japan","JPN",0,0
"1115",1935,"Netherlands","NLD",0,0
"1116",1935,"Norway","NOR",0,0
"1117",1935,"Portugal","PRT",0,0
"1118",1935,"Spain","ESP",0,0
"1119",1935,"Sweden","SWE",0,0
"1120",1935,"Switzerland","CHE",0,0
"1121",1935,"UK","GBR",0,0
"1122",1935,"USA","USA",0,0
"1123",1936,"Australia","AUS",0,0
"1124",1936,"Belgium","BEL",0,0
"1125",1936,"Canada","CAN",0,0
"1126",1936,"Denmark","DNK",0,0
"1127",1936,"Finland","FIN",0,0
"1128",1936,"France","FRA",0,0
"1129",1936,"Germany","DEU",0,0
"1130",1936,"Italy","ITA",0,0
"1131",1936,"Japan","JPN",0,0
"1132",1936,"Netherlands","NLD",0,0
"1133",1936,"Norway","NOR",0,0
"1134",1936,"Portugal","PRT",0,0
"1135",1936,"Spain","ESP",0,0
"1136",1936,"Sweden","SWE",0,0
"1137",1936,"Switzerland","CHE",0,0
"1138",1936,"UK","GBR",0,0
"1139",1936,"USA","USA",0,0
"1140",1937,"Australia","AUS",0,0
"1141",1937,"Belgium","BEL",0,0
"1142",1937,"Canada","CAN",0,0
"1143",1937,"Denmark","DNK",0,0
"1144",1937,"Finland","FIN",0,0
"1145",1937,"France","FRA",0,1
"1146",1937,"Germany","DEU",0,0
"1147",1937,"Italy","ITA",0,0
"1148",1937,"Japan","JPN",0,0
"1149",1937,"Netherlands","NLD",0,0
"1150",1937,"Norway","NOR",0,0
"1151",1937,"Portugal","PRT",0,0
"1152",1937,"Spain","ESP",0,0
"1153",1937,"Sweden","SWE",0,0
"1154",1937,"Switzerland","CHE",0,0
"1155",1937,"UK","GBR",0,0
"1156",1937,"USA","USA",0,0
"1157",1938,"Australia","AUS",0,0
"1158",1938,"Belgium","BEL",0,0
"1159",1938,"Canada","CAN",0,0
"1160",1938,"Denmark","DNK",0,0
"1161",1938,"Finland","FIN",0,0
"1162",1938,"France","FRA",0,0
"1163",1938,"Germany","DEU",0,0
"1164",1938,"Italy","ITA",0,0
"1165",1938,"Japan","JPN",0,0
"1166",1938,"Netherlands","NLD",0,0
"1167",1938,"Norway","NOR",0,0
"1168",1938,"Portugal","PRT",0,0
"1169",1938,"Spain","ESP",0,0
"1170",1938,"Sweden","SWE",0,0
"1171",1938,"Switzerland","CHE",0,0
"1172",1938,"UK","GBR",0,0
"1173",1938,"USA","USA",0,0
"1174",1939,"Australia","AUS",0,0
"1175",1939,"Belgium","BEL",1,1
"1176",1939,"Canada","CAN",0,0
"1177",1939,"Denmark","DNK",0,0
"1178",1939,"Finland","FIN",0,0
"1179",1939,"France","FRA",0,0
"1180",1939,"Germany","DEU",0,0
"1181",1939,"Italy","ITA",0,0
"1182",1939,"Japan","JPN",0,0
"1183",1939,"Netherlands","NLD",1,0
"1184",1939,"Norway","NOR",0,0
"1185",1939,"Portugal","PRT",0,0
"1186",1939,"Spain","ESP",0,0
"1187",1939,"Sweden","SWE",0,0
"1188",1939,"Switzerland","CHE",0,0
"1189",1939,"UK","GBR",0,0
"1190",1939,"USA","USA",0,0
"1191",1940,"Australia","AUS",0,0
"1192",1940,"Belgium","BEL",0,0
"1193",1940,"Canada","CAN",0,0
"1194",1940,"Denmark","DNK",0,0
"1195",1940,"Finland","FIN",0,0
"1196",1940,"France","FRA",0,0
"1197",1940,"Germany","DEU",0,0
"1198",1940,"Italy","ITA",0,0
"1199",1940,"Japan","JPN",0,0
"1200",1940,"Netherlands","NLD",0,0
"1201",1940,"Norway","NOR",0,0
"1202",1940,"Portugal","PRT",0,0
"1203",1940,"Spain","ESP",0,0
"1204",1940,"Sweden","SWE",0,0
"1205",1940,"Switzerland","CHE",0,0
"1206",1940,"UK","GBR",0,0
"1207",1940,"USA","USA",0,0
"1208",1941,"Australia","AUS",0,0
"1209",1941,"Belgium","BEL",0,0
"1210",1941,"Canada","CAN",0,0
"1211",1941,"Denmark","DNK",0,0
"1212",1941,"Finland","FIN",0,0
"1213",1941,"France","FRA",0,0
"1214",1941,"Germany","DEU",0,0
"1215",1941,"Italy","ITA",0,0
"1216",1941,"Japan","JPN",0,0
"1217",1941,"Netherlands","NLD",0,0
"1218",1941,"Norway","NOR",0,0
"1219",1941,"Portugal","PRT",0,0
"1220",1941,"Spain","ESP",0,0
"1221",1941,"Sweden","SWE",0,0
"1222",1941,"Switzerland","CHE",0,0
"1223",1941,"UK","GBR",0,0
"1224",1941,"USA","USA",0,0
"1225",1942,"Australia","AUS",0,0
"1226",1942,"Belgium","BEL",0,0
"1227",1942,"Canada","CAN",0,0
"1228",1942,"Denmark","DNK",0,0
"1229",1942,"Finland","FIN",0,0
"1230",1942,"France","FRA",0,0
"1231",1942,"Germany","DEU",0,0
"1232",1942,"Italy","ITA",0,0
"1233",1942,"Japan","JPN",0,0
"1234",1942,"Netherlands","NLD",0,0
"1235",1942,"Norway","NOR",0,0
"1236",1942,"Portugal","PRT",0,0
"1237",1942,"Spain","ESP",0,0
"1238",1942,"Sweden","SWE",0,0
"1239",1942,"Switzerland","CHE",0,0
"1240",1942,"UK","GBR",0,0
"1241",1942,"USA","USA",0,0
"1242",1943,"Australia","AUS",0,0
"1243",1943,"Belgium","BEL",0,0
"1244",1943,"Canada","CAN",0,0
"1245",1943,"Denmark","DNK",0,0
"1246",1943,"Finland","FIN",0,0
"1247",1943,"France","FRA",0,0
"1248",1943,"Germany","DEU",0,0
"1249",1943,"Italy","ITA",0,0
"1250",1943,"Japan","JPN",0,0
"1251",1943,"Netherlands","NLD",0,0
"1252",1943,"Norway","NOR",0,0
"1253",1943,"Portugal","PRT",0,0
"1254",1943,"Spain","ESP",0,0
"1255",1943,"Sweden","SWE",0,0
"1256",1943,"Switzerland","CHE",0,0
"1257",1943,"UK","GBR",0,0
"1258",1943,"USA","USA",0,0
"1259",1944,"Australia","AUS",0,0
"1260",1944,"Belgium","BEL",0,0
"1261",1944,"Canada","CAN",0,0
"1262",1944,"Denmark","DNK",0,0
"1263",1944,"Finland","FIN",0,0
"1264",1944,"France","FRA",0,0
"1265",1944,"Germany","DEU",0,0
"1266",1944,"Italy","ITA",0,0
"1267",1944,"Japan","JPN",0,0
"1268",1944,"Netherlands","NLD",0,0
"1269",1944,"Norway","NOR",0,0
"1270",1944,"Portugal","PRT",0,0
"1271",1944,"Spain","ESP",0,0
"1272",1944,"Sweden","SWE",0,0
"1273",1944,"Switzerland","CHE",0,0
"1274",1944,"UK","GBR",0,0
"1275",1944,"USA","USA",0,0
"1276",1945,"Australia","AUS",0,0
"1277",1945,"Belgium","BEL",0,0
"1278",1945,"Canada","CAN",0,0
"1279",1945,"Denmark","DNK",0,0
"1280",1945,"Finland","FIN",0,0
"1281",1945,"France","FRA",0,0
"1282",1945,"Germany","DEU",0,0
"1283",1945,"Italy","ITA",0,0
"1284",1945,"Japan","JPN",0,0
"1285",1945,"Netherlands","NLD",0,0
"1286",1945,"Norway","NOR",0,0
"1287",1945,"Portugal","PRT",0,0
"1288",1945,"Spain","ESP",0,0
"1289",1945,"Sweden","SWE",0,0
"1290",1945,"Switzerland","CHE",0,0
"1291",1945,"UK","GBR",0,0
"1292",1945,"USA","USA",0,0
"1293",1946,"Australia","AUS",0,0
"1294",1946,"Belgium","BEL",0,0
"1295",1946,"Canada","CAN",0,0
"1296",1946,"Denmark","DNK",0,0
"1297",1946,"Finland","FIN",0,0
"1298",1946,"France","FRA",0,0
"1299",1946,"Germany","DEU",0,0
"1300",1946,"Italy","ITA",0,0
"1301",1946,"Japan","JPN",0,0
"1302",1946,"Netherlands","NLD",0,0
"1303",1946,"Norway","NOR",0,0
"1304",1946,"Portugal","PRT",0,0
"1305",1946,"Spain","ESP",0,0
"1306",1946,"Sweden","SWE",0,0
"1307",1946,"Switzerland","CHE",0,0
"1308",1946,"UK","GBR",0,0
"1309",1946,"USA","USA",0,0
"1310",1947,"Australia","AUS",0,0
"1311",1947,"Belgium","BEL",0,0
"1312",1947,"Canada","CAN",0,0
"1313",1947,"Denmark","DNK",0,0
"1314",1947,"Finland","FIN",0,0
"1315",1947,"France","FRA",0,0
"1316",1947,"Germany","DEU",0,0
"1317",1947,"Italy","ITA",0,0
"1318",1947,"Japan","JPN",0,0
"1319",1947,"Netherlands","NLD",0,0
"1320",1947,"Norway","NOR",0,0
"1321",1947,"Portugal","PRT",0,0
"1322",1947,"Spain","ESP",0,0
"1323",1947,"Sweden","SWE",0,0
"1324",1947,"Switzerland","CHE",0,0
"1325",1947,"UK","GBR",0,0
"1326",1947,"USA","USA",0,0
"1327",1948,"Australia","AUS",0,0
"1328",1948,"Belgium","BEL",0,0
"1329",1948,"Canada","CAN",0,0
"1330",1948,"Denmark","DNK",0,0
"1331",1948,"Finland","FIN",0,0
"1332",1948,"France","FRA",0,0
"1333",1948,"Germany","DEU",0,0
"1334",1948,"Italy","ITA",0,0
"1335",1948,"Japan","JPN",0,0
"1336",1948,"Netherlands","NLD",0,0
"1337",1948,"Norway","NOR",0,0
"1338",1948,"Portugal","PRT",0,0
"1339",1948,"Spain","ESP",0,0
"1340",1948,"Sweden","SWE",0,0
"1341",1948,"Switzerland","CHE",0,0
"1342",1948,"UK","GBR",0,0
"1343",1948,"USA","USA",0,0
"1344",1949,"Australia","AUS",0,0
"1345",1949,"Belgium","BEL",0,0
"1346",1949,"Canada","CAN",0,0
"1347",1949,"Denmark","DNK",0,0
"1348",1949,"Finland","FIN",0,0
"1349",1949,"France","FRA",0,0
"1350",1949,"Germany","DEU",0,0
"1351",1949,"Italy","ITA",0,0
"1352",1949,"Japan","JPN",0,0
"1353",1949,"Netherlands","NLD",0,0
"1354",1949,"Norway","NOR",0,0
"1355",1949,"Portugal","PRT",0,0
"1356",1949,"Spain","ESP",0,0
"1357",1949,"Sweden","SWE",0,0
"1358",1949,"Switzerland","CHE",0,0
"1359",1949,"UK","GBR",0,0
"1360",1949,"USA","USA",0,0
"1361",1950,"Australia","AUS",0,0
"1362",1950,"Belgium","BEL",0,0
"1363",1950,"Canada","CAN",0,0
"1364",1950,"Denmark","DNK",0,0
"1365",1950,"Finland","FIN",0,0
"1366",1950,"France","FRA",0,0
"1367",1950,"Germany","DEU",0,0
"1368",1950,"Italy","ITA",0,0
"1369",1950,"Japan","JPN",0,0
"1370",1950,"Netherlands","NLD",0,0
"1371",1950,"Norway","NOR",0,0
"1372",1950,"Portugal","PRT",0,0
"1373",1950,"Spain","ESP",0,0
"1374",1950,"Sweden","SWE",0,0
"1375",1950,"Switzerland","CHE",0,0
"1376",1950,"UK","GBR",0,0
"1377",1950,"USA","USA",0,0
"1378",1951,"Australia","AUS",0,0
"1379",1951,"Belgium","BEL",0,0
"1380",1951,"Canada","CAN",0,0
"1381",1951,"Denmark","DNK",0,0
"1382",1951,"Finland","FIN",0,0
"1383",1951,"France","FRA",0,0
"1384",1951,"Germany","DEU",0,0
"1385",1951,"Italy","ITA",0,0
"1386",1951,"Japan","JPN",0,0
"1387",1951,"Netherlands","NLD",0,0
"1388",1951,"Norway","NOR",0,0
"1389",1951,"Portugal","PRT",0,0
"1390",1951,"Spain","ESP",0,0
"1391",1951,"Sweden","SWE",0,0
"1392",1951,"Switzerland","CHE",0,0
"1393",1951,"UK","GBR",0,0
"1394",1951,"USA","USA",0,0
"1395",1952,"Australia","AUS",0,0
"1396",1952,"Belgium","BEL",0,0
"1397",1952,"Canada","CAN",0,0
"1398",1952,"Denmark","DNK",0,0
"1399",1952,"Finland","FIN",0,0
"1400",1952,"France","FRA",0,0
"1401",1952,"Germany","DEU",0,0
"1402",1952,"Italy","ITA",0,0
"1403",1952,"Japan","JPN",0,0
"1404",1952,"Netherlands","NLD",0,0
"1405",1952,"Norway","NOR",0,0
"1406",1952,"Portugal","PRT",0,0
"1407",1952,"Spain","ESP",0,0
"1408",1952,"Sweden","SWE",0,0
"1409",1952,"Switzerland","CHE",0,0
"1410",1952,"UK","GBR",0,0
"1411",1952,"USA","USA",0,0
"1412",1953,"Australia","AUS",0,0
"1413",1953,"Belgium","BEL",0,0
"1414",1953,"Canada","CAN",0,0
"1415",1953,"Denmark","DNK",0,0
"1416",1953,"Finland","FIN",0,0
"1417",1953,"France","FRA",0,0
"1418",1953,"Germany","DEU",0,0
"1419",1953,"Italy","ITA",0,0
"1420",1953,"Japan","JPN",0,0
"1421",1953,"Netherlands","NLD",0,0
"1422",1953,"Norway","NOR",0,0
"1423",1953,"Portugal","PRT",0,0
"1424",1953,"Spain","ESP",0,0
"1425",1953,"Sweden","SWE",0,0
"1426",1953,"Switzerland","CHE",0,0
"1427",1953,"UK","GBR",0,0
"1428",1953,"USA","USA",0,0
"1429",1954,"Australia","AUS",0,0
"1430",1954,"Belgium","BEL",0,0
"1431",1954,"Canada","CAN",0,0
"1432",1954,"Denmark","DNK",0,0
"1433",1954,"Finland","FIN",0,0
"1434",1954,"France","FRA",0,0
"1435",1954,"Germany","DEU",0,0
"1436",1954,"Italy","ITA",0,0
"1437",1954,"Japan","JPN",0,0
"1438",1954,"Netherlands","NLD",0,0
"1439",1954,"Norway","NOR",0,0
"1440",1954,"Portugal","PRT",0,0
"1441",1954,"Spain","ESP",0,0
"1442",1954,"Sweden","SWE",0,0
"1443",1954,"Switzerland","CHE",0,0
"1444",1954,"UK","GBR",0,0
"1445",1954,"USA","USA",0,0
"1446",1955,"Australia","AUS",0,0
"1447",1955,"Belgium","BEL",0,0
"1448",1955,"Canada","CAN",0,0
"1449",1955,"Denmark","DNK",0,0
"1450",1955,"Finland","FIN",0,0
"1451",1955,"France","FRA",0,0
"1452",1955,"Germany","DEU",0,0
"1453",1955,"Italy","ITA",0,0
"1454",1955,"Japan","JPN",0,0
"1455",1955,"Netherlands","NLD",0,0
"1456",1955,"Norway","NOR",0,0
"1457",1955,"Portugal","PRT",0,0
"1458",1955,"Spain","ESP",0,0
"1459",1955,"Sweden","SWE",0,0
"1460",1955,"Switzerland","CHE",0,0
"1461",1955,"UK","GBR",0,0
"1462",1955,"USA","USA",0,0
"1463",1956,"Australia","AUS",0,0
"1464",1956,"Belgium","BEL",0,0
"1465",1956,"Canada","CAN",0,0
"1466",1956,"Denmark","DNK",0,0
"1467",1956,"Finland","FIN",0,0
"1468",1956,"France","FRA",0,0
"1469",1956,"Germany","DEU",0,0
"1470",1956,"Italy","ITA",0,0
"1471",1956,"Japan","JPN",0,0
"1472",1956,"Netherlands","NLD",0,0
"1473",1956,"Norway","NOR",0,0
"1474",1956,"Portugal","PRT",0,0
"1475",1956,"Spain","ESP",0,0
"1476",1956,"Sweden","SWE",0,0
"1477",1956,"Switzerland","CHE",0,0
"1478",1956,"UK","GBR",0,0
"1479",1956,"USA","USA",0,0
"1480",1957,"Australia","AUS",0,0
"1481",1957,"Belgium","BEL",0,0
"1482",1957,"Canada","CAN",0,0
"1483",1957,"Denmark","DNK",0,0
"1484",1957,"Finland","FIN",0,0
"1485",1957,"France","FRA",0,0
"1486",1957,"Germany","DEU",0,0
"1487",1957,"Italy","ITA",0,0
"1488",1957,"Japan","JPN",0,0
"1489",1957,"Netherlands","NLD",0,0
"1490",1957,"Norway","NOR",0,0
"1491",1957,"Portugal","PRT",0,0
"1492",1957,"Spain","ESP",0,0
"1493",1957,"Sweden","SWE",0,0
"1494",1957,"Switzerland","CHE",0,0
"1495",1957,"UK","GBR",0,0
"1496",1957,"USA","USA",0,0
"1497",1958,"Australia","AUS",0,0
"1498",1958,"Belgium","BEL",0,0
"1499",1958,"Canada","CAN",0,0
"1500",1958,"Denmark","DNK",0,0
"1501",1958,"Finland","FIN",0,0
"1502",1958,"France","FRA",0,0
"1503",1958,"Germany","DEU",0,0
"1504",1958,"Italy","ITA",0,0
"1505",1958,"Japan","JPN",0,0
"1506",1958,"Netherlands","NLD",0,0
"1507",1958,"Norway","NOR",0,0
"1508",1958,"Portugal","PRT",0,0
"1509",1958,"Spain","ESP",0,0
"1510",1958,"Sweden","SWE",0,0
"1511",1958,"Switzerland","CHE",0,0
"1512",1958,"UK","GBR",0,0
"1513",1958,"USA","USA",0,0
"1514",1959,"Australia","AUS",0,0
"1515",1959,"Belgium","BEL",0,0
"1516",1959,"Canada","CAN",0,0
"1517",1959,"Denmark","DNK",0,0
"1518",1959,"Finland","FIN",0,0
"1519",1959,"France","FRA",0,0
"1520",1959,"Germany","DEU",0,0
"1521",1959,"Italy","ITA",0,0
"1522",1959,"Japan","JPN",0,0
"1523",1959,"Netherlands","NLD",0,0
"1524",1959,"Norway","NOR",0,0
"1525",1959,"Portugal","PRT",0,0
"1526",1959,"Spain","ESP",0,0
"1527",1959,"Sweden","SWE",0,0
"1528",1959,"Switzerland","CHE",0,0
"1529",1959,"UK","GBR",0,0
"1530",1959,"USA","USA",0,0
"1531",1960,"Australia","AUS",0,0
"1532",1960,"Belgium","BEL",0,0
"1533",1960,"Canada","CAN",0,0
"1534",1960,"Denmark","DNK",0,0
"1535",1960,"Finland","FIN",0,0
"1536",1960,"France","FRA",0,0
"1537",1960,"Germany","DEU",0,0
"1538",1960,"Italy","ITA",0,0
"1539",1960,"Japan","JPN",0,0
"1540",1960,"Netherlands","NLD",0,0
"1541",1960,"Norway","NOR",0,0
"1542",1960,"Portugal","PRT",0,0
"1543",1960,"Spain","ESP",0,0
"1544",1960,"Sweden","SWE",0,0
"1545",1960,"Switzerland","CHE",0,0
"1546",1960,"UK","GBR",0,0
"1547",1960,"USA","USA",0,0
"1548",1961,"Australia","AUS",0,0
"1549",1961,"Belgium","BEL",0,0
"1550",1961,"Canada","CAN",0,0
"1551",1961,"Denmark","DNK",0,0
"1552",1961,"Finland","FIN",0,0
"1553",1961,"France","FRA",0,0
"1554",1961,"Germany","DEU",0,0
"1555",1961,"Italy","ITA",0,0
"1556",1961,"Japan","JPN",0,0
"1557",1961,"Netherlands","NLD",0,0
"1558",1961,"Norway","NOR",0,0
"1559",1961,"Portugal","PRT",0,0
"1560",1961,"Spain","ESP",0,0
"1561",1961,"Sweden","SWE",0,0
"1562",1961,"Switzerland","CHE",0,0
"1563",1961,"UK","GBR",0,0
"1564",1961,"USA","USA",0,0
"1565",1962,"Australia","AUS",0,0
"1566",1962,"Belgium","BEL",0,0
"1567",1962,"Canada","CAN",0,0
"1568",1962,"Denmark","DNK",0,0
"1569",1962,"Finland","FIN",0,0
"1570",1962,"France","FRA",0,0
"1571",1962,"Germany","DEU",0,0
"1572",1962,"Italy","ITA",0,0
"1573",1962,"Japan","JPN",0,0
"1574",1962,"Netherlands","NLD",0,0
"1575",1962,"Norway","NOR",0,0
"1576",1962,"Portugal","PRT",0,0
"1577",1962,"Spain","ESP",0,0
"1578",1962,"Sweden","SWE",0,0
"1579",1962,"Switzerland","CHE",0,0
"1580",1962,"UK","GBR",0,0
"1581",1962,"USA","USA",0,0
"1582",1963,"Australia","AUS",0,0
"1583",1963,"Belgium","BEL",0,0
"1584",1963,"Canada","CAN",0,0
"1585",1963,"Denmark","DNK",0,0
"1586",1963,"Finland","FIN",0,0
"1587",1963,"France","FRA",0,0
"1588",1963,"Germany","DEU",0,0
"1589",1963,"Italy","ITA",0,0
"1590",1963,"Japan","JPN",0,0
"1591",1963,"Netherlands","NLD",0,0
"1592",1963,"Norway","NOR",0,0
"1593",1963,"Portugal","PRT",0,0
"1594",1963,"Spain","ESP",0,0
"1595",1963,"Sweden","SWE",0,0
"1596",1963,"Switzerland","CHE",0,0
"1597",1963,"UK","GBR",0,0
"1598",1963,"USA","USA",0,0
"1599",1964,"Australia","AUS",0,0
"1600",1964,"Belgium","BEL",0,0
"1601",1964,"Canada","CAN",0,0
"1602",1964,"Denmark","DNK",0,0
"1603",1964,"Finland","FIN",0,0
"1604",1964,"France","FRA",0,0
"1605",1964,"Germany","DEU",0,0
"1606",1964,"Italy","ITA",0,0
"1607",1964,"Japan","JPN",0,0
"1608",1964,"Netherlands","NLD",0,0
"1609",1964,"Norway","NOR",0,0
"1610",1964,"Portugal","PRT",0,0
"1611",1964,"Spain","ESP",0,0
"1612",1964,"Sweden","SWE",0,0
"1613",1964,"Switzerland","CHE",0,0
"1614",1964,"UK","GBR",0,0
"1615",1964,"USA","USA",0,0
"1616",1965,"Australia","AUS",0,0
"1617",1965,"Belgium","BEL",0,0
"1618",1965,"Canada","CAN",0,0
"1619",1965,"Denmark","DNK",0,0
"1620",1965,"Finland","FIN",0,0
"1621",1965,"France","FRA",0,0
"1622",1965,"Germany","DEU",0,0
"1623",1965,"Italy","ITA",0,0
"1624",1965,"Japan","JPN",0,0
"1625",1965,"Netherlands","NLD",0,0
"1626",1965,"Norway","NOR",0,0
"1627",1965,"Portugal","PRT",0,0
"1628",1965,"Spain","ESP",0,0
"1629",1965,"Sweden","SWE",0,0
"1630",1965,"Switzerland","CHE",0,0
"1631",1965,"UK","GBR",0,0
"1632",1965,"USA","USA",0,0
"1633",1966,"Australia","AUS",0,0
"1634",1966,"Belgium","BEL",0,0
"1635",1966,"Canada","CAN",0,0
"1636",1966,"Denmark","DNK",0,0
"1637",1966,"Finland","FIN",0,0
"1638",1966,"France","FRA",0,0
"1639",1966,"Germany","DEU",0,0
"1640",1966,"Italy","ITA",0,0
"1641",1966,"Japan","JPN",0,0
"1642",1966,"Netherlands","NLD",0,0
"1643",1966,"Norway","NOR",0,0
"1644",1966,"Portugal","PRT",0,0
"1645",1966,"Spain","ESP",0,0
"1646",1966,"Sweden","SWE",0,0
"1647",1966,"Switzerland","CHE",0,0
"1648",1966,"UK","GBR",0,0
"1649",1966,"USA","USA",0,0
"1650",1967,"Australia","AUS",0,0
"1651",1967,"Belgium","BEL",0,0
"1652",1967,"Canada","CAN",0,0
"1653",1967,"Denmark","DNK",0,0
"1654",1967,"Finland","FIN",0,0
"1655",1967,"France","FRA",0,0
"1656",1967,"Germany","DEU",0,0
"1657",1967,"Italy","ITA",0,0
"1658",1967,"Japan","JPN",0,0
"1659",1967,"Netherlands","NLD",0,0
"1660",1967,"Norway","NOR",0,0
"1661",1967,"Portugal","PRT",0,0
"1662",1967,"Spain","ESP",0,0
"1663",1967,"Sweden","SWE",0,0
"1664",1967,"Switzerland","CHE",0,0
"1665",1967,"UK","GBR",0,0
"1666",1967,"USA","USA",0,0
"1667",1968,"Australia","AUS",0,0
"1668",1968,"Belgium","BEL",0,0
"1669",1968,"Canada","CAN",0,0
"1670",1968,"Denmark","DNK",0,0
"1671",1968,"Finland","FIN",0,0
"1672",1968,"France","FRA",0,0
"1673",1968,"Germany","DEU",0,0
"1674",1968,"Italy","ITA",0,0
"1675",1968,"Japan","JPN",0,0
"1676",1968,"Netherlands","NLD",0,0
"1677",1968,"Norway","NOR",0,0
"1678",1968,"Portugal","PRT",0,0
"1679",1968,"Spain","ESP",0,0
"1680",1968,"Sweden","SWE",0,0
"1681",1968,"Switzerland","CHE",0,0
"1682",1968,"UK","GBR",0,0
"1683",1968,"USA","USA",0,0
"1684",1969,"Australia","AUS",0,0
"1685",1969,"Belgium","BEL",0,0
"1686",1969,"Canada","CAN",0,0
"1687",1969,"Denmark","DNK",0,0
"1688",1969,"Finland","FIN",0,0
"1689",1969,"France","FRA",0,0
"1690",1969,"Germany","DEU",0,0
"1691",1969,"Italy","ITA",0,0
"1692",1969,"Japan","JPN",0,0
"1693",1969,"Netherlands","NLD",0,0
"1694",1969,"Norway","NOR",0,0
"1695",1969,"Portugal","PRT",0,0
"1696",1969,"Spain","ESP",0,0
"1697",1969,"Sweden","SWE",0,0
"1698",1969,"Switzerland","CHE",0,0
"1699",1969,"UK","GBR",0,0
"1700",1969,"USA","USA",0,0
"1701",1970,"Australia","AUS",0,0
"1702",1970,"Belgium","BEL",0,0
"1703",1970,"Canada","CAN",0,0
"1704",1970,"Denmark","DNK",0,0
"1705",1970,"Finland","FIN",0,0
"1706",1970,"France","FRA",0,0
"1707",1970,"Germany","DEU",0,0
"1708",1970,"Italy","ITA",0,0
"1709",1970,"Japan","JPN",0,0
"1710",1970,"Netherlands","NLD",0,0
"1711",1970,"Norway","NOR",0,0
"1712",1970,"Portugal","PRT",0,0
"1713",1970,"Spain","ESP",0,0
"1714",1970,"Sweden","SWE",0,0
"1715",1970,"Switzerland","CHE",0,0
"1716",1970,"UK","GBR",0,0
"1717",1970,"USA","USA",0,0
"1718",1971,"Australia","AUS",0,0
"1719",1971,"Belgium","BEL",0,0
"1720",1971,"Canada","CAN",0,0
"1721",1971,"Denmark","DNK",0,0
"1722",1971,"Finland","FIN",0,0
"1723",1971,"France","FRA",0,0
"1724",1971,"Germany","DEU",0,0
"1725",1971,"Italy","ITA",0,0
"1726",1971,"Japan","JPN",0,0
"1727",1971,"Netherlands","NLD",0,0
"1728",1971,"Norway","NOR",0,0
"1729",1971,"Portugal","PRT",0,0
"1730",1971,"Spain","ESP",0,0
"1731",1971,"Sweden","SWE",0,0
"1732",1971,"Switzerland","CHE",0,0
"1733",1971,"UK","GBR",0,0
"1734",1971,"USA","USA",0,0
"1735",1972,"Australia","AUS",0,0
"1736",1972,"Belgium","BEL",0,0
"1737",1972,"Canada","CAN",0,0
"1738",1972,"Denmark","DNK",0,0
"1739",1972,"Finland","FIN",0,0
"1740",1972,"France","FRA",0,0
"1741",1972,"Germany","DEU",0,0
"1742",1972,"Italy","ITA",0,0
"1743",1972,"Japan","JPN",0,0
"1744",1972,"Netherlands","NLD",0,0
"1745",1972,"Norway","NOR",0,0
"1746",1972,"Portugal","PRT",0,0
"1747",1972,"Spain","ESP",0,0
"1748",1972,"Sweden","SWE",0,0
"1749",1972,"Switzerland","CHE",0,0
"1750",1972,"UK","GBR",0,0
"1751",1972,"USA","USA",0,0
"1752",1973,"Australia","AUS",0,0
"1753",1973,"Belgium","BEL",0,0
"1754",1973,"Canada","CAN",0,0
"1755",1973,"Denmark","DNK",0,0
"1756",1973,"Finland","FIN",0,0
"1757",1973,"France","FRA",0,0
"1758",1973,"Germany","DEU",0,0
"1759",1973,"Italy","ITA",0,0
"1760",1973,"Japan","JPN",0,0
"1761",1973,"Netherlands","NLD",0,0
"1762",1973,"Norway","NOR",0,0
"1763",1973,"Portugal","PRT",0,0
"1764",1973,"Spain","ESP",0,0
"1765",1973,"Sweden","SWE",0,0
"1766",1973,"Switzerland","CHE",0,0
"1767",1973,"UK","GBR",0,1
"1768",1973,"USA","USA",0,0
"1769",1974,"Australia","AUS",0,0
"1770",1974,"Belgium","BEL",0,0
"1771",1974,"Canada","CAN",0,0
"1772",1974,"Denmark","DNK",0,0
"1773",1974,"Finland","FIN",0,0
"1774",1974,"France","FRA",0,0
"1775",1974,"Germany","DEU",0,0
"1776",1974,"Italy","ITA",0,0
"1777",1974,"Japan","JPN",0,0
"1778",1974,"Netherlands","NLD",0,0
"1779",1974,"Norway","NOR",0,0
"1780",1974,"Portugal","PRT",0,0
"1781",1974,"Spain","ESP",0,0
"1782",1974,"Sweden","SWE",0,0
"1783",1974,"Switzerland","CHE",0,0
"1784",1974,"UK","GBR",1,0
"1785",1974,"USA","USA",0,0
"1786",1975,"Australia","AUS",0,0
"1787",1975,"Belgium","BEL",0,0
"1788",1975,"Canada","CAN",0,0
"1789",1975,"Denmark","DNK",0,0
"1790",1975,"Finland","FIN",0,0
"1791",1975,"France","FRA",0,0
"1792",1975,"Germany","DEU",0,0
"1793",1975,"Italy","ITA",0,0
"1794",1975,"Japan","JPN",0,0
"1795",1975,"Netherlands","NLD",0,0
"1796",1975,"Norway","NOR",0,0
"1797",1975,"Portugal","PRT",0,0
"1798",1975,"Spain","ESP",0,1
"1799",1975,"Sweden","SWE",0,0
"1800",1975,"Switzerland","CHE",0,0
"1801",1975,"UK","GBR",0,0
"1802",1975,"USA","USA",0,0
"1803",1976,"Australia","AUS",0,0
"1804",1976,"Belgium","BEL",0,0
"1805",1976,"Canada","CAN",0,0
"1806",1976,"Denmark","DNK",0,0
"1807",1976,"Finland","FIN",0,0
"1808",1976,"France","FRA",0,0
"1809",1976,"Germany","DEU",0,0
"1810",1976,"Italy","ITA",0,0
"1811",1976,"Japan","JPN",0,0
"1812",1976,"Netherlands","NLD",0,0
"1813",1976,"Norway","NOR",0,0
"1814",1976,"Portugal","PRT",0,0
"1815",1976,"Spain","ESP",0,0
"1816",1976,"Sweden","SWE",0,0
"1817",1976,"Switzerland","CHE",0,0
"1818",1976,"UK","GBR",0,0
"1819",1976,"USA","USA",0,0
"1820",1977,"Australia","AUS",0,0
"1821",1977,"Belgium","BEL",0,0
"1822",1977,"Canada","CAN",0,0
"1823",1977,"Denmark","DNK",0,0
"1824",1977,"Finland","FIN",0,0
"1825",1977,"France","FRA",0,0
"1826",1977,"Germany","DEU",0,0
"1827",1977,"Italy","ITA",0,0
"1828",1977,"Japan","JPN",0,0
"1829",1977,"Netherlands","NLD",0,0
"1830",1977,"Norway","NOR",0,0
"1831",1977,"Portugal","PRT",0,0
"1832",1977,"Spain","ESP",1,0
"1833",1977,"Sweden","SWE",0,0
"1834",1977,"Switzerland","CHE",0,0
"1835",1977,"UK","GBR",0,0
"1836",1977,"USA","USA",0,0
"1837",1978,"Australia","AUS",0,0
"1838",1978,"Belgium","BEL",0,0
"1839",1978,"Canada","CAN",0,0
"1840",1978,"Denmark","DNK",0,0
"1841",1978,"Finland","FIN",0,0
"1842",1978,"France","FRA",0,0
"1843",1978,"Germany","DEU",0,0
"1844",1978,"Italy","ITA",0,0
"1845",1978,"Japan","JPN",0,0
"1846",1978,"Netherlands","NLD",0,0
"1847",1978,"Norway","NOR",0,0
"1848",1978,"Portugal","PRT",0,0
"1849",1978,"Spain","ESP",0,0
"1850",1978,"Sweden","SWE",0,0
"1851",1978,"Switzerland","CHE",0,0
"1852",1978,"UK","GBR",0,0
"1853",1978,"USA","USA",0,0
"1854",1979,"Australia","AUS",0,0
"1855",1979,"Belgium","BEL",0,0
"1856",1979,"Canada","CAN",0,0
"1857",1979,"Denmark","DNK",0,0
"1858",1979,"Finland","FIN",0,0
"1859",1979,"France","FRA",0,0
"1860",1979,"Germany","DEU",0,0
"1861",1979,"Italy","ITA",0,0
"1862",1979,"Japan","JPN",0,0
"1863",1979,"Netherlands","NLD",0,0
"1864",1979,"Norway","NOR",0,0
"1865",1979,"Portugal","PRT",0,0
"1866",1979,"Spain","ESP",0,0
"1867",1979,"Sweden","SWE",0,0
"1868",1979,"Switzerland","CHE",0,0
"1869",1979,"UK","GBR",0,0
"1870",1979,"USA","USA",0,0
"1871",1980,"Australia","AUS",0,0
"1872",1980,"Belgium","BEL",0,0
"1873",1980,"Canada","CAN",0,0
"1874",1980,"Denmark","DNK",0,0
"1875",1980,"Finland","FIN",0,0
"1876",1980,"France","FRA",0,0
"1877",1980,"Germany","DEU",0,0
"1878",1980,"Italy","ITA",0,0
"1879",1980,"Japan","JPN",0,0
"1880",1980,"Netherlands","NLD",0,0
"1881",1980,"Norway","NOR",0,0
"1882",1980,"Portugal","PRT",0,0
"1883",1980,"Spain","ESP",0,0
"1884",1980,"Sweden","SWE",0,0
"1885",1980,"Switzerland","CHE",0,0
"1886",1980,"UK","GBR",0,0
"1887",1980,"USA","USA",0,0
"1888",1981,"Australia","AUS",0,0
"1889",1981,"Belgium","BEL",0,0
"1890",1981,"Canada","CAN",0,0
"1891",1981,"Denmark","DNK",0,0
"1892",1981,"Finland","FIN",0,0
"1893",1981,"France","FRA",0,0
"1894",1981,"Germany","DEU",0,0
"1895",1981,"Italy","ITA",0,0
"1896",1981,"Japan","JPN",0,0
"1897",1981,"Netherlands","NLD",0,0
"1898",1981,"Norway","NOR",0,0
"1899",1981,"Portugal","PRT",0,0
"1900",1981,"Spain","ESP",0,0
"1901",1981,"Sweden","SWE",0,0
"1902",1981,"Switzerland","CHE",0,0
"1903",1981,"UK","GBR",0,0
"1904",1981,"USA","USA",0,0
"1905",1982,"Australia","AUS",0,0
"1906",1982,"Belgium","BEL",0,0
"1907",1982,"Canada","CAN",0,1
"1908",1982,"Denmark","DNK",0,0
"1909",1982,"Finland","FIN",0,0
"1910",1982,"France","FRA",0,0
"1911",1982,"Germany","DEU",0,0
"1912",1982,"Italy","ITA",0,0
"1913",1982,"Japan","JPN",0,0
"1914",1982,"Netherlands","NLD",0,0
"1915",1982,"Norway","NOR",0,0
"1916",1982,"Portugal","PRT",0,0
"1917",1982,"Spain","ESP",0,0
"1918",1982,"Sweden","SWE",0,0
"1919",1982,"Switzerland","CHE",0,0
"1920",1982,"UK","GBR",0,0
"1921",1982,"USA","USA",0,0
"1922",1983,"Australia","AUS",0,0
"1923",1983,"Belgium","BEL",0,0
"1924",1983,"Canada","CAN",0,0
"1925",1983,"Denmark","DNK",0,0
"1926",1983,"Finland","FIN",0,0
"1927",1983,"France","FRA",0,0
"1928",1983,"Germany","DEU",0,0
"1929",1983,"Italy","ITA",0,0
"1930",1983,"Japan","JPN",0,0
"1931",1983,"Netherlands","NLD",0,0
"1932",1983,"Norway","NOR",0,0
"1933",1983,"Portugal","PRT",0,0
"1934",1983,"Spain","ESP",0,0
"1935",1983,"Sweden","SWE",0,0
"1936",1983,"Switzerland","CHE",0,0
"1937",1983,"UK","GBR",0,0
"1938",1983,"USA","USA",0,0
"1939",1984,"Australia","AUS",0,0
"1940",1984,"Belgium","BEL",0,0
"1941",1984,"Canada","CAN",0,0
"1942",1984,"Denmark","DNK",0,0
"1943",1984,"Finland","FIN",0,0
"1944",1984,"France","FRA",0,0
"1945",1984,"Germany","DEU",0,0
"1946",1984,"Italy","ITA",0,0
"1947",1984,"Japan","JPN",0,0
"1948",1984,"Netherlands","NLD",0,0
"1949",1984,"Norway","NOR",0,0
"1950",1984,"Portugal","PRT",0,0
"1951",1984,"Spain","ESP",0,0
"1952",1984,"Sweden","SWE",0,0
"1953",1984,"Switzerland","CHE",0,0
"1954",1984,"UK","GBR",0,0
"1955",1984,"USA","USA",1,1
"1956",1985,"Australia","AUS",0,0
"1957",1985,"Belgium","BEL",0,0
"1958",1985,"Canada","CAN",0,0
"1959",1985,"Denmark","DNK",0,0
"1960",1985,"Finland","FIN",0,0
"1961",1985,"France","FRA",0,0
"1962",1985,"Germany","DEU",0,0
"1963",1985,"Italy","ITA",0,0
"1964",1985,"Japan","JPN",0,0
"1965",1985,"Netherlands","NLD",0,0
"1966",1985,"Norway","NOR",0,0
"1967",1985,"Portugal","PRT",0,0
"1968",1985,"Spain","ESP",0,0
"1969",1985,"Sweden","SWE",0,0
"1970",1985,"Switzerland","CHE",0,0
"1971",1985,"UK","GBR",0,0
"1972",1985,"USA","USA",0,0
"1973",1986,"Australia","AUS",0,0
"1974",1986,"Belgium","BEL",0,0
"1975",1986,"Canada","CAN",0,0
"1976",1986,"Denmark","DNK",0,0
"1977",1986,"Finland","FIN",0,0
"1978",1986,"France","FRA",0,0
"1979",1986,"Germany","DEU",0,0
"1980",1986,"Italy","ITA",0,0
"1981",1986,"Japan","JPN",0,0
"1982",1986,"Netherlands","NLD",0,0
"1983",1986,"Norway","NOR",0,0
"1984",1986,"Portugal","PRT",0,0
"1985",1986,"Spain","ESP",0,0
"1986",1986,"Sweden","SWE",0,0
"1987",1986,"Switzerland","CHE",0,0
"1988",1986,"UK","GBR",0,0
"1989",1986,"USA","USA",0,0
"1990",1987,"Australia","AUS",0,0
"1991",1987,"Belgium","BEL",0,0
"1992",1987,"Canada","CAN",0,0
"1993",1987,"Denmark","DNK",1,0
"1994",1987,"Finland","FIN",0,0
"1995",1987,"France","FRA",0,0
"1996",1987,"Germany","DEU",0,0
"1997",1987,"Italy","ITA",0,0
"1998",1987,"Japan","JPN",0,0
"1999",1987,"Netherlands","NLD",0,0
"2000",1987,"Norway","NOR",0,1
"2001",1987,"Portugal","PRT",0,0
"2002",1987,"Spain","ESP",0,0
"2003",1987,"Sweden","SWE",0,0
"2004",1987,"Switzerland","CHE",0,0
"2005",1987,"UK","GBR",0,0
"2006",1987,"USA","USA",0,0
"2007",1988,"Australia","AUS",0,0
"2008",1988,"Belgium","BEL",0,0
"2009",1988,"Canada","CAN",0,0
"2010",1988,"Denmark","DNK",0,0
"2011",1988,"Finland","FIN",0,0
"2012",1988,"France","FRA",0,0
"2013",1988,"Germany","DEU",0,0
"2014",1988,"Italy","ITA",0,0
"2015",1988,"Japan","JPN",0,0
"2016",1988,"Netherlands","NLD",0,0
"2017",1988,"Norway","NOR",1,0
"2018",1988,"Portugal","PRT",0,0
"2019",1988,"Spain","ESP",0,0
"2020",1988,"Sweden","SWE",0,0
"2021",1988,"Switzerland","CHE",0,0
"2022",1988,"UK","GBR",0,0
"2023",1988,"USA","USA",0,0
"2024",1989,"Australia","AUS",1,1
"2025",1989,"Belgium","BEL",0,0
"2026",1989,"Canada","CAN",0,0
"2027",1989,"Denmark","DNK",0,0
"2028",1989,"Finland","FIN",0,0
"2029",1989,"France","FRA",0,0
"2030",1989,"Germany","DEU",0,0
"2031",1989,"Italy","ITA",0,0
"2032",1989,"Japan","JPN",0,0
"2033",1989,"Netherlands","NLD",0,0
"2034",1989,"Norway","NOR",0,0
"2035",1989,"Portugal","PRT",0,0
"2036",1989,"Spain","ESP",0,0
"2037",1989,"Sweden","SWE",0,0
"2038",1989,"Switzerland","CHE",0,0
"2039",1989,"UK","GBR",0,0
"2040",1989,"USA","USA",0,0
"2041",1990,"Australia","AUS",0,0
"2042",1990,"Belgium","BEL",0,0
"2043",1990,"Canada","CAN",0,0
"2044",1990,"Denmark","DNK",0,0
"2045",1990,"Finland","FIN",0,1
"2046",1990,"France","FRA",0,0
"2047",1990,"Germany","DEU",0,0
"2048",1990,"Italy","ITA",1,0
"2049",1990,"Japan","JPN",0,1
"2050",1990,"Netherlands","NLD",0,0
"2051",1990,"Norway","NOR",0,0
"2052",1990,"Portugal","PRT",0,0
"2053",1990,"Spain","ESP",0,0
"2054",1990,"Sweden","SWE",0,0
"2055",1990,"Switzerland","CHE",0,1
"2056",1990,"UK","GBR",0,0
"2057",1990,"USA","USA",0,1
"2058",1991,"Australia","AUS",0,0
"2059",1991,"Belgium","BEL",0,0
"2060",1991,"Canada","CAN",0,0
"2061",1991,"Denmark","DNK",0,0
"2062",1991,"Finland","FIN",1,0
"2063",1991,"France","FRA",0,0
"2064",1991,"Germany","DEU",0,0
"2065",1991,"Italy","ITA",0,0
"2066",1991,"Japan","JPN",0,0
"2067",1991,"Netherlands","NLD",0,0
"2068",1991,"Norway","NOR",0,0
"2069",1991,"Portugal","PRT",0,0
"2070",1991,"Spain","ESP",0,0
"2071",1991,"Sweden","SWE",1,1
"2072",1991,"Switzerland","CHE",1,0
"2073",1991,"UK","GBR",1,1
"2074",1991,"USA","USA",0,0
"2075",1992,"Australia","AUS",0,0
"2076",1992,"Belgium","BEL",0,0
"2077",1992,"Canada","CAN",0,0
"2078",1992,"Denmark","DNK",0,1
"2079",1992,"Finland","FIN",0,0
"2080",1992,"France","FRA",0,0
"2081",1992,"Germany","DEU",0,0
"2082",1992,"Italy","ITA",0,1
"2083",1992,"Japan","JPN",0,0
"2084",1992,"Netherlands","NLD",0,0
"2085",1992,"Norway","NOR",0,0
"2086",1992,"Portugal","PRT",0,0
"2087",1992,"Spain","ESP",0,0
"2088",1992,"Sweden","SWE",0,0
"2089",1992,"Switzerland","CHE",0,0
"2090",1992,"UK","GBR",0,0
"2091",1992,"USA","USA",0,0
"2092",1993,"Australia","AUS",0,0
"2093",1993,"Belgium","BEL",0,0
"2094",1993,"Canada","CAN",0,0
"2095",1993,"Denmark","DNK",0,0
"2096",1993,"Finland","FIN",0,0
"2097",1993,"France","FRA",0,0
"2098",1993,"Germany","DEU",0,0
"2099",1993,"Italy","ITA",0,0
"2100",1993,"Japan","JPN",0,0
"2101",1993,"Netherlands","NLD",0,0
"2102",1993,"Norway","NOR",0,0
"2103",1993,"Portugal","PRT",0,0
"2104",1993,"Spain","ESP",0,0
"2105",1993,"Sweden","SWE",0,0
"2106",1993,"Switzerland","CHE",0,0
"2107",1993,"UK","GBR",0,0
"2108",1993,"USA","USA",0,0
"2109",1994,"Australia","AUS",0,0
"2110",1994,"Belgium","BEL",0,0
"2111",1994,"Canada","CAN",0,0
"2112",1994,"Denmark","DNK",0,0
"2113",1994,"Finland","FIN",0,0
"2114",1994,"France","FRA",0,0
"2115",1994,"Germany","DEU",0,0
"2116",1994,"Italy","ITA",0,0
"2117",1994,"Japan","JPN",0,0
"2118",1994,"Netherlands","NLD",0,0
"2119",1994,"Norway","NOR",0,0
"2120",1994,"Portugal","PRT",0,0
"2121",1994,"Spain","ESP",0,0
"2122",1994,"Sweden","SWE",0,0
"2123",1994,"Switzerland","CHE",0,0
"2124",1994,"UK","GBR",0,0
"2125",1994,"USA","USA",0,0
"2126",1995,"Australia","AUS",0,0
"2127",1995,"Belgium","BEL",0,0
"2128",1995,"Canada","CAN",0,0
"2129",1995,"Denmark","DNK",0,0
"2130",1995,"Finland","FIN",0,0
"2131",1995,"France","FRA",0,0
"2132",1995,"Germany","DEU",0,0
"2133",1995,"Italy","ITA",0,0
"2134",1995,"Japan","JPN",0,0
"2135",1995,"Netherlands","NLD",0,0
"2136",1995,"Norway","NOR",0,0
"2137",1995,"Portugal","PRT",0,0
"2138",1995,"Spain","ESP",0,0
"2139",1995,"Sweden","SWE",0,0
"2140",1995,"Switzerland","CHE",0,0
"2141",1995,"UK","GBR",0,0
"2142",1995,"USA","USA",0,0
"2143",1996,"Australia","AUS",0,0
"2144",1996,"Belgium","BEL",0,0
"2145",1996,"Canada","CAN",0,0
"2146",1996,"Denmark","DNK",0,0
"2147",1996,"Finland","FIN",0,0
"2148",1996,"France","FRA",0,0
"2149",1996,"Germany","DEU",0,0
"2150",1996,"Italy","ITA",0,0
"2151",1996,"Japan","JPN",0,0
"2152",1996,"Netherlands","NLD",0,0
"2153",1996,"Norway","NOR",0,0
"2154",1996,"Portugal","PRT",0,0
"2155",1996,"Spain","ESP",0,0
"2156",1996,"Sweden","SWE",0,0
"2157",1996,"Switzerland","CHE",0,0
"2158",1996,"UK","GBR",0,0
"2159",1996,"USA","USA",0,0
"2160",1997,"Australia","AUS",0,0
"2161",1997,"Belgium","BEL",0,0
"2162",1997,"Canada","CAN",0,0
"2163",1997,"Denmark","DNK",0,0
"2164",1997,"Finland","FIN",0,0
"2165",1997,"France","FRA",0,0
"2166",1997,"Germany","DEU",0,0
"2167",1997,"Italy","ITA",0,0
"2168",1997,"Japan","JPN",1,1
"2169",1997,"Netherlands","NLD",0,0
"2170",1997,"Norway","NOR",0,0
"2171",1997,"Portugal","PRT",0,0
"2172",1997,"Spain","ESP",0,0
"2173",1997,"Sweden","SWE",0,0
"2174",1997,"Switzerland","CHE",0,0
"2175",1997,"UK","GBR",0,0
"2176",1997,"USA","USA",0,0
"2177",1998,"Australia","AUS",0,0
"2178",1998,"Belgium","BEL",0,0
"2179",1998,"Canada","CAN",0,0
"2180",1998,"Denmark","DNK",0,0
"2181",1998,"Finland","FIN",0,0
"2182",1998,"France","FRA",0,0
"2183",1998,"Germany","DEU",0,0
"2184",1998,"Italy","ITA",0,0
"2185",1998,"Japan","JPN",0,0
"2186",1998,"Netherlands","NLD",0,0
"2187",1998,"Norway","NOR",0,0
"2188",1998,"Portugal","PRT",0,0
"2189",1998,"Spain","ESP",0,0
"2190",1998,"Sweden","SWE",0,0
"2191",1998,"Switzerland","CHE",0,0
"2192",1998,"UK","GBR",0,0
"2193",1998,"USA","USA",0,0
"2194",1999,"Australia","AUS",0,0
"2195",1999,"Belgium","BEL",0,0
"2196",1999,"Canada","CAN",0,0
"2197",1999,"Denmark","DNK",0,0
"2198",1999,"Finland","FIN",0,0
"2199",1999,"France","FRA",0,0
"2200",1999,"Germany","DEU",0,0
"2201",1999,"Italy","ITA",0,0
"2202",1999,"Japan","JPN",0,0
"2203",1999,"Netherlands","NLD",0,0
"2204",1999,"Norway","NOR",0,0
"2205",1999,"Portugal","PRT",0,0
"2206",1999,"Spain","ESP",0,0
"2207",1999,"Sweden","SWE",0,0
"2208",1999,"Switzerland","CHE",0,0
"2209",1999,"UK","GBR",0,0
"2210",1999,"USA","USA",0,0
"2211",2000,"Australia","AUS",0,0
"2212",2000,"Belgium","BEL",0,0
"2213",2000,"Canada","CAN",0,0
"2214",2000,"Denmark","DNK",0,0
"2215",2000,"Finland","FIN",0,0
"2216",2000,"France","FRA",0,0
"2217",2000,"Germany","DEU",0,0
"2218",2000,"Italy","ITA",0,0
"2219",2000,"Japan","JPN",0,0
"2220",2000,"Netherlands","NLD",0,0
"2221",2000,"Norway","NOR",0,0
"2222",2000,"Portugal","PRT",0,0
"2223",2000,"Spain","ESP",0,0
"2224",2000,"Sweden","SWE",0,0
"2225",2000,"Switzerland","CHE",0,0
"2226",2000,"UK","GBR",0,0
"2227",2000,"USA","USA",0,0
"2228",2001,"Australia","AUS",0,0
"2229",2001,"Belgium","BEL",0,0
"2230",2001,"Canada","CAN",0,0
"2231",2001,"Denmark","DNK",0,0
"2232",2001,"Finland","FIN",0,0
"2233",2001,"France","FRA",0,0
"2234",2001,"Germany","DEU",0,0
"2235",2001,"Italy","ITA",0,0
"2236",2001,"Japan","JPN",0,1
"2237",2001,"Netherlands","NLD",0,0
"2238",2001,"Norway","NOR",0,0
"2239",2001,"Portugal","PRT",0,0
"2240",2001,"Spain","ESP",0,0
"2241",2001,"Sweden","SWE",0,0
"2242",2001,"Switzerland","CHE",0,0
"2243",2001,"UK","GBR",0,0
"2244",2001,"USA","USA",0,0
"2245",2002,"Australia","AUS",0,0
"2246",2002,"Belgium","BEL",0,0
"2247",2002,"Canada","CAN",0,0
"2248",2002,"Denmark","DNK",0,0
"2249",2002,"Finland","FIN",0,0
"2250",2002,"France","FRA",0,0
"2251",2002,"Germany","DEU",0,0
"2252",2002,"Italy","ITA",0,0
"2253",2002,"Japan","JPN",0,0
"2254",2002,"Netherlands","NLD",0,0
"2255",2002,"Norway","NOR",0,0
"2256",2002,"Portugal","PRT",0,0
"2257",2002,"Spain","ESP",0,0
"2258",2002,"Sweden","SWE",0,0
"2259",2002,"Switzerland","CHE",0,0
"2260",2002,"UK","GBR",0,0
"2261",2002,"USA","USA",0,0
"2262",2003,"Australia","AUS",0,0
"2263",2003,"Belgium","BEL",0,0
"2264",2003,"Canada","CAN",0,0
"2265",2003,"Denmark","DNK",0,0
"2266",2003,"Finland","FIN",0,0
"2267",2003,"France","FRA",0,0
"2268",2003,"Germany","DEU",0,0
"2269",2003,"Italy","ITA",0,0
"2270",2003,"Japan","JPN",0,0
"2271",2003,"Netherlands","NLD",0,0
"2272",2003,"Norway","NOR",0,0
"2273",2003,"Portugal","PRT",0,0
"2274",2003,"Spain","ESP",0,0
"2275",2003,"Sweden","SWE",0,0
"2276",2003,"Switzerland","CHE",0,0
"2277",2003,"UK","GBR",0,0
"2278",2003,"USA","USA",0,0
"2279",2004,"Australia","AUS",0,0
"2280",2004,"Belgium","BEL",0,0
"2281",2004,"Canada","CAN",0,0
"2282",2004,"Denmark","DNK",0,0
"2283",2004,"Finland","FIN",0,0
"2284",2004,"France","FRA",0,0
"2285",2004,"Germany","DEU",0,0
"2286",2004,"Italy","ITA",0,0
"2287",2004,"Japan","JPN",0,0
"2288",2004,"Netherlands","NLD",0,0
"2289",2004,"Norway","NOR",0,0
"2290",2004,"Portugal","PRT",0,0
"2291",2004,"Spain","ESP",0,0
"2292",2004,"Sweden","SWE",0,0
"2293",2004,"Switzerland","CHE",0,0
"2294",2004,"UK","GBR",0,0
"2295",2004,"USA","USA",0,0
"2296",2005,"Australia","AUS",0,0
"2297",2005,"Belgium","BEL",0,0
"2298",2005,"Canada","CAN",0,0
"2299",2005,"Denmark","DNK",0,0
"2300",2005,"Finland","FIN",0,0
"2301",2005,"France","FRA",0,0
"2302",2005,"Germany","DEU",0,0
"2303",2005,"Italy","ITA",0,0
"2304",2005,"Japan","JPN",0,0
"2305",2005,"Netherlands","NLD",0,0
"2306",2005,"Norway","NOR",0,0
"2307",2005,"Portugal","PRT",0,0
"2308",2005,"Spain","ESP",0,0
"2309",2005,"Sweden","SWE",0,0
"2310",2005,"Switzerland","CHE",0,0
"2311",2005,"UK","GBR",0,0
"2312",2005,"USA","USA",0,0
"2313",2006,"Australia","AUS",0,0
"2314",2006,"Belgium","BEL",0,0
"2315",2006,"Canada","CAN",0,0
"2316",2006,"Denmark","DNK",0,0
"2317",2006,"Finland","FIN",0,0
"2318",2006,"France","FRA",0,0
"2319",2006,"Germany","DEU",0,0
"2320",2006,"Italy","ITA",0,0
"2321",2006,"Japan","JPN",0,0
"2322",2006,"Netherlands","NLD",0,0
"2323",2006,"Norway","NOR",0,0
"2324",2006,"Portugal","PRT",0,0
"2325",2006,"Spain","ESP",0,0
"2326",2006,"Sweden","SWE",0,0
"2327",2006,"Switzerland","CHE",0,0
"2328",2006,"UK","GBR",0,0
"2329",2006,"USA","USA",0,0
"2330",2007,"Australia","AUS",0,0
"2331",2007,"Belgium","BEL",0,0
"2332",2007,"Canada","CAN",0,0
"2333",2007,"Denmark","DNK",0,0
"2334",2007,"Finland","FIN",0,0
"2335",2007,"France","FRA",0,0
"2336",2007,"Germany","DEU",0,0
"2337",2007,"Italy","ITA",0,0
"2338",2007,"Japan","JPN",0,0
"2339",2007,"Netherlands","NLD",0,0
"2340",2007,"Norway","NOR",0,0
"2341",2007,"Portugal","PRT",0,0
"2342",2007,"Spain","ESP",0,0
"2343",2007,"Sweden","SWE",0,0
"2344",2007,"Switzerland","CHE",0,0
"2345",2007,"UK","GBR",1,0
"2346",2007,"USA","USA",1,1
"2347",2008,"Australia","AUS",0,0
"2348",2008,"Belgium","BEL",1,1
"2349",2008,"Canada","CAN",0,0
"2350",2008,"Denmark","DNK",1,1
"2351",2008,"Finland","FIN",0,0
"2352",2008,"France","FRA",1,1
"2353",2008,"Germany","DEU",1,1
"2354",2008,"Italy","ITA",1,1
"2355",2008,"Japan","JPN",0,0
"2356",2008,"Netherlands","NLD",1,1
"2357",2008,"Norway","NOR",0,1
"2358",2008,"Portugal","PRT",1,1
"2359",2008,"Spain","ESP",1,1
"2360",2008,"Sweden","SWE",1,1
"2361",2008,"Switzerland","CHE",1,1
"2362",2008,"UK","GBR",0,1
"2363",2008,"USA","USA",0,0
"2364",2009,"Australia","AUS",0,0
"2365",2009,"Belgium","BEL",0,0
"2366",2009,"Canada","CAN",0,0
"2367",2009,"Denmark","DNK",0,0
"2368",2009,"Finland","FIN",0,0
"2369",2009,"France","FRA",0,0
"2370",2009,"Germany","DEU",0,0
"2371",2009,"Italy","ITA",0,0
"2372",2009,"Japan","JPN",0,0
"2373",2009,"Netherlands","NLD",0,0
"2374",2009,"Norway","NOR",0,0
"2375",2009,"Portugal","PRT",0,0
"2376",2009,"Spain","ESP",0,0
"2377",2009,"Sweden","SWE",0,0
"2378",2009,"Switzerland","CHE",0,0
"2379",2009,"UK","GBR",0,0
"2380",2009,"USA","USA",0,0
"2381",2010,"Australia","AUS",0,0
"2382",2010,"Belgium","BEL",0,0
"2383",2010,"Canada","CAN",0,0
"2384",2010,"Denmark","DNK",0,0
"2385",2010,"Finland","FIN",0,0
"2386",2010,"France","FRA",0,0
"2387",2010,"Germany","DEU",0,0
"2388",2010,"Italy","ITA",0,0
"2389",2010,"Japan","JPN",0,0
"2390",2010,"Netherlands","NLD",0,0
"2391",2010,"Norway","NOR",0,0
"2392",2010,"Portugal","PRT",0,0
"2393",2010,"Spain","ESP",0,1
"2394",2010,"Sweden","SWE",0,0
"2395",2010,"Switzerland","CHE",0,0
"2396",2010,"UK","GBR",0,0
"2397",2010,"USA","USA",0,0
"2398",2011,"Australia","AUS",0,0
"2399",2011,"Belgium","BEL",0,1
"2400",2011,"Canada","CAN",0,0
"2401",2011,"Denmark","DNK",0,1
"2402",2011,"Finland","FIN",0,0
"2403",2011,"France","FRA",0,0
"2404",2011,"Germany","DEU",0,0
"2405",2011,"Italy","ITA",0,1
"2406",2011,"Japan","JPN",0,0
"2407",2011,"Netherlands","NLD",0,0
"2408",2011,"Norway","NOR",0,0
"2409",2011,"Portugal","PRT",0,1
"2410",2011,"Spain","ESP",0,0
"2411",2011,"Sweden","SWE",0,0
"2412",2011,"Switzerland","CHE",0,0
"2413",2011,"UK","GBR",0,0
"2414",2011,"USA","USA",0,0
"2415",2012,"Australia","AUS",0,0
"2416",2012,"Belgium","BEL",0,0
"2417",2012,"Canada","CAN",0,0
"2418",2012,"Denmark","DNK",0,0
"2419",2012,"Finland","FIN",0,0
"2420",2012,"France","FRA",0,0
"2421",2012,"Germany","DEU",0,0
"2422",2012,"Italy","ITA",0,0
"2423",2012,"Japan","JPN",0,0
"2424",2012,"Netherlands","NLD",0,0
"2425",2012,"Norway","NOR",0,0
"2426",2012,"Portugal","PRT",0,0
"2427",2012,"Spain","ESP",0,0
"2428",2012,"Sweden","SWE",0,0
"2429",2012,"Switzerland","CHE",0,0
"2430",2012,"UK","GBR",0,0
"2431",2012,"USA","USA",0,0
"2432",2013,"Australia","AUS",0,0
"2433",2013,"Belgium","BEL",0,0
"2434",2013,"Canada","CAN",0,0
"2435",2013,"Denmark","DNK",0,0
"2436",2013,"Finland","FIN",0,0
"2437",2013,"France","FRA",0,0
"2438",2013,"Germany","DEU",0,0
"2439",2013,"Italy","ITA",0,0
"2440",2013,"Japan","JPN",0,0
"2441",2013,"Netherlands","NLD",0,0
"2442",2013,"Norway","NOR",0,0
"2443",2013,"Portugal","PRT",0,0
"2444",2013,"Spain","ESP",0,0
"2445",2013,"Sweden","SWE",0,0
"2446",2013,"Switzerland","CHE",0,0
"2447",2013,"UK","GBR",0,0
"2448",2013,"USA","USA",0,0
"2449",2014,"Australia","AUS",0,0
"2450",2014,"Belgium","BEL",0,0
"2451",2014,"Canada","CAN",0,0
"2452",2014,"Denmark","DNK",0,0
"2453",2014,"Finland","FIN",0,0
"2454",2014,"France","FRA",0,0
"2455",2014,"Germany","DEU",0,0
"2456",2014,"Italy","ITA",0,0
"2457",2014,"Japan","JPN",0,0
"2458",2014,"Netherlands","NLD",0,0
"2459",2014,"Norway","NOR",0,0
"2460",2014,"Portugal","PRT",0,1
"2461",2014,"Spain","ESP",0,0
"2462",2014,"Sweden","SWE",0,0
"2463",2014,"Switzerland","CHE",0,0
"2464",2014,"UK","GBR",0,0
"2465",2014,"USA","USA",0,0
"2466",2015,"Australia","AUS",0,0
"2467",2015,"Belgium","BEL",0,0
"2468",2015,"Canada","CAN",0,0
"2469",2015,"Denmark","DNK",0,0
"2470",2015,"Finland","FIN",0,0
"2471",2015,"France","FRA",0,0
"2472",2015,"Germany","DEU",0,0
"2473",2015,"Italy","ITA",0,0
"2474",2015,"Japan","JPN",0,0
"2475",2015,"Netherlands","NLD",0,0
"2476",2015,"Norway","NOR",0,0
"2477",2015,"Portugal","PRT",0,0
"2478",2015,"Spain","ESP",0,0
"2479",2015,"Sweden","SWE",0,0
"2480",2015,"Switzerland","CHE",0,0
"2481",2015,"UK","GBR",0,0
"2482",2015,"USA","USA",0,0
"2483",2016,"Australia","AUS",0,0
"2484",2016,"Belgium","BEL",0,0
"2485",2016,"Canada","CAN",0,0
"2486",2016,"Denmark","DNK",0,0
"2487",2016,"Finland","FIN",0,0
"2488",2016,"France","FRA",0,0
"2489",2016,"Germany","DEU",0,0
"2490",2016,"Italy","ITA",0,1
"2491",2016,"Japan","JPN",0,0
"2492",2016,"Netherlands","NLD",0,0
"2493",2016,"Norway","NOR",0,0
"2494",2016,"Portugal","PRT",0,0
"2495",2016,"Spain","ESP",0,0
"2496",2016,"Sweden","SWE",0,0
"2497",2016,"Switzerland","CHE",0,0
"2498",2016,"UK","GBR",0,0
"2499",2016,"USA","USA",0,0
